Copyright 1986-2022 Xilinx, Inc. All Rights Reserved. Copyright 2022-2026 Advanced Micro Devices, Inc. All Rights Reserved.
------------------------------------------------------------------------------------------------------------------------------------------------------------------------------------
| Tool Version : Vivado v.2026.1 (win64) Build 6511674 Tue Jun 16 11:02:23 MDT 2026
| Date         : Thu Sep 24 00:16:19 2026
| Host         : Abhay_PC running 64-bit major release  (build 9200)
| Command      : report_timing_summary -max_paths 10 -report_unconstrained -file {C:/Users/abhay/OneDrive/Documents/projects/Trade CPU/checkpoints/reports/impl_timing_summary.rpt}
| Design       : tradecpu_top
| Device       : 7s50-csga324
| Speed File   : -2  PRODUCTION 1.23 2018-06-13
| Design State : Routed
------------------------------------------------------------------------------------------------------------------------------------------------------------------------------------

Timing Summary Report

------------------------------------------------------------------------------------------------
| Timer Settings
| --------------
------------------------------------------------------------------------------------------------

  Enable Multi Corner Analysis               :  Yes
  Enable Pessimism Removal                   :  Yes
  Pessimism Removal Resolution               :  Nearest Common Node
  Enable Input Delay Default Clock           :  No
  Enable Preset / Clear Arcs                 :  No
  Disable Flight Delays                      :  No
  Ignore I/O Paths                           :  No
  Timing Early Launch at Borrowing Latches   :  No
  Borrow Time for Max Delay Exceptions       :  Yes
  Merge Timing Exceptions                    :  Yes
  Inter-SLR Compensation                     :  Conservative

  Corner  Analyze    Analyze    
  Name    Max Paths  Min Paths  
  ------  ---------  ---------  
  Slow    Yes        Yes        
  Fast    Yes        Yes        


------------------------------------------------------------------------------------------------
| Report Methodology
| ------------------
------------------------------------------------------------------------------------------------

No report available as report_methodology has not been run prior. Run report_methodology on the current design for the summary of methodology violations.



check_timing report

Table of Contents
-----------------
1. checking no_clock (0)
2. checking constant_clock (0)
3. checking pulse_width_clock (0)
4. checking unconstrained_internal_endpoints (0)
5. checking no_input_delay (2)
6. checking no_output_delay (17)
7. checking multiple_clock (0)
8. checking generated_clocks (0)
9. checking loops (0)
10. checking partial_input_delay (0)
11. checking partial_output_delay (0)
12. checking latch_loops (0)

1. checking no_clock (0)
------------------------
 There are 0 register/latch pins with no clock.


2. checking constant_clock (0)
------------------------------
 There are 0 register/latch pins with constant_clock.


3. checking pulse_width_clock (0)
---------------------------------
 There are 0 register/latch pins which need pulse_width check


4. checking unconstrained_internal_endpoints (0)
------------------------------------------------
 There are 0 pins that are not constrained for maximum delay.

 There are 0 pins that are not constrained for maximum delay due to constant clock.


5. checking no_input_delay (2)
------------------------------
 There are 0 input ports with no input delay specified.

 There are 2 input ports with no input delay but user has a false path constraint. (MEDIUM)


6. checking no_output_delay (17)
--------------------------------
 There are 0 ports with no output delay specified.

 There are 17 ports with no output delay but user has a false path constraint (MEDIUM)

 There are 0 ports with no output delay but with a timing clock defined on it or propagating through it


7. checking multiple_clock (0)
------------------------------
 There are 0 register/latch pins with multiple clocks.


8. checking generated_clocks (0)
--------------------------------
 There are 0 generated clocks that are not connected to a clock source.


9. checking loops (0)
---------------------
 There are 0 combinational loops in the design.


10. checking partial_input_delay (0)
------------------------------------
 There are 0 input ports with partial input delay specified.


11. checking partial_output_delay (0)
-------------------------------------
 There are 0 ports with partial output delay specified.


12. checking latch_loops (0)
----------------------------
 There are 0 combinational latch loops in the design through latch input



------------------------------------------------------------------------------------------------
| Design Timing Summary
| ---------------------
------------------------------------------------------------------------------------------------

    WNS(ns)      TNS(ns)  TNS Failing Endpoints  TNS Total Endpoints      WHS(ns)      THS(ns)  THS Failing Endpoints  THS Total Endpoints     WPWS(ns)     TPWS(ns)  TPWS Failing Endpoints  TPWS Total Endpoints  
    -------      -------  ---------------------  -------------------      -------      -------  ---------------------  -------------------     --------     --------  ----------------------  --------------------  
      4.929        0.000                      0                 4240        0.036        0.000                      0                 4240        3.000        0.000                       0                  1249  


All user specified timing constraints are met.


------------------------------------------------------------------------------------------------
| Clock Summary
| -------------
------------------------------------------------------------------------------------------------

Clock         Waveform(ns)       Period(ns)      Frequency(MHz)
-----         ------------       ----------      --------------
clk100        {0.000 5.000}      10.000          100.000         
  clk50_mmcm  {0.000 10.000}     20.000          50.000          
  clk_fb      {0.000 5.000}      10.000          100.000         


------------------------------------------------------------------------------------------------
| Intra Clock Table
| -----------------
------------------------------------------------------------------------------------------------

Clock             WNS(ns)      TNS(ns)  TNS Failing Endpoints  TNS Total Endpoints      WHS(ns)      THS(ns)  THS Failing Endpoints  THS Total Endpoints     WPWS(ns)     TPWS(ns)  TPWS Failing Endpoints  TPWS Total Endpoints  
-----             -------      -------  ---------------------  -------------------      -------      -------  ---------------------  -------------------     --------     --------  ----------------------  --------------------  
clk100                                                                                                                                                          3.000        0.000                       0                     1  
  clk50_mmcm        4.929        0.000                      0                 3161        0.036        0.000                      0                 3161        8.870        0.000                       0                  1246  
  clk_fb                                                                                                                                                        8.751        0.000                       0                     2  


------------------------------------------------------------------------------------------------
| Inter Clock Table
| -----------------
------------------------------------------------------------------------------------------------

From Clock    To Clock          WNS(ns)      TNS(ns)  TNS Failing Endpoints  TNS Total Endpoints      WHS(ns)      THS(ns)  THS Failing Endpoints  THS Total Endpoints  
----------    --------          -------      -------  ---------------------  -------------------      -------      -------  ---------------------  -------------------  


------------------------------------------------------------------------------------------------
| Other Path Groups Table
| -----------------------
------------------------------------------------------------------------------------------------

Path Group         From Clock         To Clock               WNS(ns)      TNS(ns)  TNS Failing Endpoints  TNS Total Endpoints      WHS(ns)      THS(ns)  THS Failing Endpoints  THS Total Endpoints  
----------         ----------         --------               -------      -------  ---------------------  -------------------      -------      -------  ---------------------  -------------------  
**async_default**  clk50_mmcm         clk50_mmcm              12.385        0.000                      0                 1079        0.882        0.000                      0                 1079  


------------------------------------------------------------------------------------------------
| User Ignored Path Table
| -----------------------
------------------------------------------------------------------------------------------------

Path Group    From Clock    To Clock    
----------    ----------    --------    
(none)        clk50_mmcm                  
(none)                      clk50_mmcm    


------------------------------------------------------------------------------------------------
| Unconstrained Path Table
| ------------------------
------------------------------------------------------------------------------------------------

Path Group    From Clock    To Clock    
----------    ----------    --------    


------------------------------------------------------------------------------------------------
| Timing Details
| --------------
------------------------------------------------------------------------------------------------


---------------------------------------------------------------------------------------------------
From Clock:  clk100
  To Clock:  clk100

Setup :           NA  Failing Endpoints,  Worst Slack           NA  ,  Total Violation           NA
Hold  :           NA  Failing Endpoints,  Worst Slack           NA  ,  Total Violation           NA
PW    :            0  Failing Endpoints,  Worst Slack        3.000ns,  Total Violation        0.000ns
---------------------------------------------------------------------------------------------------


Pulse Width Checks
--------------------------------------------------------------------------------------
Clock Name:         clk100
Waveform(ns):       { 0.000 5.000 }
Period(ns):         10.000
Sources:            { CLK_100MHZ }

Check Type        Corner  Lib Pin            Reference Pin  Required(ns)  Actual(ns)  Slack(ns)  Location         Pin
Min Period        n/a     MMCME2_ADV/CLKIN1  n/a            1.249         10.000      8.751      MMCME2_ADV_X0Y0  u_mmcm/CLKIN1
Max Period        n/a     MMCME2_ADV/CLKIN1  n/a            100.000       10.000      90.000     MMCME2_ADV_X0Y0  u_mmcm/CLKIN1
Low Pulse Width   Slow    MMCME2_ADV/CLKIN1  n/a            2.000         5.000       3.000      MMCME2_ADV_X0Y0  u_mmcm/CLKIN1
Low Pulse Width   Fast    MMCME2_ADV/CLKIN1  n/a            2.000         5.000       3.000      MMCME2_ADV_X0Y0  u_mmcm/CLKIN1
High Pulse Width  Slow    MMCME2_ADV/CLKIN1  n/a            2.000         5.000       3.000      MMCME2_ADV_X0Y0  u_mmcm/CLKIN1
High Pulse Width  Fast    MMCME2_ADV/CLKIN1  n/a            2.000         5.000       3.000      MMCME2_ADV_X0Y0  u_mmcm/CLKIN1



---------------------------------------------------------------------------------------------------
From Clock:  clk50_mmcm
  To Clock:  clk50_mmcm

Setup :            0  Failing Endpoints,  Worst Slack        4.929ns,  Total Violation        0.000ns
Hold  :            0  Failing Endpoints,  Worst Slack        0.036ns,  Total Violation        0.000ns
PW    :            0  Failing Endpoints,  Worst Slack        8.870ns,  Total Violation        0.000ns
---------------------------------------------------------------------------------------------------


Max Delay Paths
--------------------------------------------------------------------------------------
Slack (MET) :             4.929ns  (required time - arrival time)
  Source:                 u_core/u_control_unit/prog_mem_reg_2/CLKARDCLK
                            (rising edge-triggered cell RAMB18E1 clocked by clk50_mmcm  {rise@0.000ns fall@10.000ns period=20.000ns})
  Destination:            u_core/u_register_file/registers_reg[6][31]/D
                            (rising edge-triggered cell FDCE clocked by clk50_mmcm  {rise@0.000ns fall@10.000ns period=20.000ns})
  Path Group:             clk50_mmcm
  Path Type:              Setup (Max at Slow Process Corner)
  Requirement:            20.000ns  (clk50_mmcm rise@20.000ns - clk50_mmcm rise@0.000ns)
  Data Path Delay:        14.821ns  (logic 8.712ns (58.783%)  route 6.109ns (41.217%))
  Logic Levels:           11  (CARRY4=3 DSP48E1=2 LUT2=2 LUT4=1 LUT5=1 LUT6=2)
  Clock Path Skew:        -0.085ns (DCD - SCD + CPR)
    Destination Clock Delay (DCD):    5.073ns = ( 25.073 - 20.000 ) 
    Source Clock Delay      (SCD):    5.426ns
    Clock Pessimism Removal (CPR):    0.268ns
  Clock Uncertainty:      0.082ns  ((TSJ^2 + DJ^2)^1/2) / 2 + PE
    Total System Jitter     (TSJ):    0.071ns
    Discrete Jitter          (DJ):    0.147ns
    Phase Error              (PE):    0.000ns

    Location             Delay type                Incr(ns)  Path(ns)    Netlist Resource(s)
  -------------------------------------------------------------------    -------------------
                         (clock clk50_mmcm rise edge)
                                                      0.000     0.000 r  <hidden>
    N15                                               0.000     0.000 r  CLK_100MHZ
                         net (fo=0)                   0.000     0.000    CLK_100MHZ
    N15                  IBUF (Prop_ibuf_I_O)         1.371     1.371 r  CLK_100MHZ_IBUF_inst/O
                         net (fo=1, routed)           1.065     2.436    CLK_100MHZ_IBUF
    MMCME2_ADV_X0Y0      MMCME2_ADV (Prop_mmcme2_adv_CLKIN1_CLKOUT0)
                                                      0.077     2.513 r  u_mmcm/CLKOUT0
                         net (fo=1, routed)           1.425     3.938    clk50_mmcm
    BUFGCTRL_X0Y0        BUFG (Prop_bufg_I_O)         0.081     4.019 r  u_bufg_clk50/O
                         net (fo=1244, routed)        1.406     5.426    u_core/u_control_unit/clk50
    RAMB18_X0Y5          RAMB18E1                                     r  u_core/u_control_unit/prog_mem_reg_2/CLKARDCLK
  -------------------------------------------------------------------    -------------------
    RAMB18_X0Y5          RAMB18E1 (Prop_ramb18e1_CLKARDCLK_DOBDO[6])
                                                      2.125     7.551 r  u_core/u_control_unit/prog_mem_reg_2/DOBDO[6]
                         net (fo=1, routed)           0.626     8.177    u_core/u_control_unit/prog_mem_reg_2_n_25
    SLICE_X9Y14          LUT2 (Prop_lut2_I0_O)        0.126     8.303 r  u_core/u_control_unit/result0_i_99/O
                         net (fo=64, routed)          1.081     9.383    u_core/u_register_file/rf_raddr1[1]
    SLICE_X15Y26         LUT6 (Prop_lut6_I2_O)        0.267     9.650 r  u_core/u_register_file/result0__0_i_21/O
                         net (fo=2, routed)           0.786    10.436    u_core/u_register_file/result0__0_i_21_n_0
    SLICE_X28Y26         LUT4 (Prop_lut4_I3_O)        0.119    10.555 r  u_core/u_register_file/result0__0_i_2/O
                         net (fo=30, routed)          0.977    11.532    u_core/u_alu/rf_rdata1[15]
    DSP48_X0Y9           DSP48E1 (Prop_dsp48e1_A[15]_PCOUT[47])
                                                      3.559    15.091 r  u_core/u_alu/result0__0/PCOUT[47]
                         net (fo=1, routed)           0.056    15.147    u_core/u_alu/result0__0_n_106
    DSP48_X0Y10          DSP48E1 (Prop_dsp48e1_PCIN[47]_P[3])
                                                      1.271    16.418 r  u_core/u_alu/result0__1/P[3]
                         net (fo=2, routed)           0.831    17.249    u_core/u_alu/result0__1_n_102
    SLICE_X12Y27         LUT2 (Prop_lut2_I0_O)        0.105    17.354 r  u_core/u_alu/registers[0][23]_i_11/O
                         net (fo=1, routed)           0.000    17.354    u_core/u_alu/registers[0][23]_i_11_n_0
    SLICE_X12Y27         CARRY4 (Prop_carry4_S[0]_CO[3])
                                                      0.423    17.777 r  u_core/u_alu/registers_reg[0][23]_i_5/CO[3]
                         net (fo=1, routed)           0.000    17.777    u_core/u_alu/registers_reg[0][23]_i_5_n_0
    SLICE_X12Y28         CARRY4 (Prop_carry4_CI_CO[3])
                                                      0.100    17.877 r  u_core/u_alu/registers_reg[0][27]_i_5/CO[3]
                         net (fo=1, routed)           0.000    17.877    u_core/u_alu/registers_reg[0][27]_i_5_n_0
    SLICE_X12Y29         CARRY4 (Prop_carry4_CI_O[3])
                                                      0.262    18.139 r  u_core/u_alu/registers_reg[0][31]_i_18/O[3]
                         net (fo=1, routed)           0.472    18.611    u_core/u_control_unit/registers_reg[6][31][3]
    SLICE_X15Y25         LUT6 (Prop_lut6_I0_O)        0.250    18.861 r  u_core/u_control_unit/registers[0][31]_i_8/O
                         net (fo=1, routed)           0.313    19.174    u_core/u_control_unit/registers[0][31]_i_8_n_0
    SLICE_X15Y25         LUT5 (Prop_lut5_I3_O)        0.105    19.279 r  u_core/u_control_unit/registers[0][31]_i_2/O
                         net (fo=8, routed)           0.967    20.246    u_core/u_register_file/registers_reg[6][31]_0[31]
    SLICE_X13Y15         FDCE                                         r  u_core/u_register_file/registers_reg[6][31]/D
  -------------------------------------------------------------------    -------------------

                         (clock clk50_mmcm rise edge)
                                                     20.000    20.000 r  <hidden>
    N15                                               0.000    20.000 r  CLK_100MHZ
                         net (fo=0)                   0.000    20.000    CLK_100MHZ
    N15                  IBUF (Prop_ibuf_I_O)         1.306    21.306 r  CLK_100MHZ_IBUF_inst/O
                         net (fo=1, routed)           1.004    22.309    CLK_100MHZ_IBUF
    MMCME2_ADV_X0Y0      MMCME2_ADV (Prop_mmcme2_adv_CLKIN1_CLKOUT0)
                                                      0.073    22.382 r  u_mmcm/CLKOUT0
                         net (fo=1, routed)           1.357    23.740    clk50_mmcm
    BUFGCTRL_X0Y0        BUFG (Prop_bufg_I_O)         0.077    23.817 r  u_bufg_clk50/O
                         net (fo=1244, routed)        1.256    25.073    u_core/u_register_file/clk50
    SLICE_X13Y15         FDCE                                         r  u_core/u_register_file/registers_reg[6][31]/C
                         clock pessimism              0.268    25.341    <hidden>
                         clock uncertainty           -0.082    25.259    <hidden>
    SLICE_X13Y15         FDCE (Setup_fdce_C_D)       -0.084    25.175    u_core/u_register_file/registers_reg[6][31]
  -------------------------------------------------------------------
                         required time                         25.175    <hidden>
                         arrival time                         -20.246    <hidden>
  -------------------------------------------------------------------
                         slack                                  4.929    <hidden>

Slack (MET) :             4.972ns  (required time - arrival time)
  Source:                 u_core/u_control_unit/prog_mem_reg_2/CLKARDCLK
                            (rising edge-triggered cell RAMB18E1 clocked by clk50_mmcm  {rise@0.000ns fall@10.000ns period=20.000ns})
  Destination:            u_core/u_register_file/registers_reg[0][31]/D
                            (rising edge-triggered cell FDCE clocked by clk50_mmcm  {rise@0.000ns fall@10.000ns period=20.000ns})
  Path Group:             clk50_mmcm
  Path Type:              Setup (Max at Slow Process Corner)
  Requirement:            20.000ns  (clk50_mmcm rise@20.000ns - clk50_mmcm rise@0.000ns)
  Data Path Delay:        14.803ns  (logic 8.712ns (58.853%)  route 6.091ns (41.147%))
  Logic Levels:           11  (CARRY4=3 DSP48E1=2 LUT2=2 LUT4=1 LUT5=1 LUT6=2)
  Clock Path Skew:        -0.085ns (DCD - SCD + CPR)
    Destination Clock Delay (DCD):    5.073ns = ( 25.073 - 20.000 ) 
    Source Clock Delay      (SCD):    5.426ns
    Clock Pessimism Removal (CPR):    0.268ns
  Clock Uncertainty:      0.082ns  ((TSJ^2 + DJ^2)^1/2) / 2 + PE
    Total System Jitter     (TSJ):    0.071ns
    Discrete Jitter          (DJ):    0.147ns
    Phase Error              (PE):    0.000ns

    Location             Delay type                Incr(ns)  Path(ns)    Netlist Resource(s)
  -------------------------------------------------------------------    -------------------
                         (clock clk50_mmcm rise edge)
                                                      0.000     0.000 r  <hidden>
    N15                                               0.000     0.000 r  CLK_100MHZ
                         net (fo=0)                   0.000     0.000    CLK_100MHZ
    N15                  IBUF (Prop_ibuf_I_O)         1.371     1.371 r  CLK_100MHZ_IBUF_inst/O
                         net (fo=1, routed)           1.065     2.436    CLK_100MHZ_IBUF
    MMCME2_ADV_X0Y0      MMCME2_ADV (Prop_mmcme2_adv_CLKIN1_CLKOUT0)
                                                      0.077     2.513 r  u_mmcm/CLKOUT0
                         net (fo=1, routed)           1.425     3.938    clk50_mmcm
    BUFGCTRL_X0Y0        BUFG (Prop_bufg_I_O)         0.081     4.019 r  u_bufg_clk50/O
                         net (fo=1244, routed)        1.406     5.426    u_core/u_control_unit/clk50
    RAMB18_X0Y5          RAMB18E1                                     r  u_core/u_control_unit/prog_mem_reg_2/CLKARDCLK
  -------------------------------------------------------------------    -------------------
    RAMB18_X0Y5          RAMB18E1 (Prop_ramb18e1_CLKARDCLK_DOBDO[6])
                                                      2.125     7.551 r  u_core/u_control_unit/prog_mem_reg_2/DOBDO[6]
                         net (fo=1, routed)           0.626     8.177    u_core/u_control_unit/prog_mem_reg_2_n_25
    SLICE_X9Y14          LUT2 (Prop_lut2_I0_O)        0.126     8.303 r  u_core/u_control_unit/result0_i_99/O
                         net (fo=64, routed)          1.081     9.383    u_core/u_register_file/rf_raddr1[1]
    SLICE_X15Y26         LUT6 (Prop_lut6_I2_O)        0.267     9.650 r  u_core/u_register_file/result0__0_i_21/O
                         net (fo=2, routed)           0.786    10.436    u_core/u_register_file/result0__0_i_21_n_0
    SLICE_X28Y26         LUT4 (Prop_lut4_I3_O)        0.119    10.555 r  u_core/u_register_file/result0__0_i_2/O
                         net (fo=30, routed)          0.977    11.532    u_core/u_alu/rf_rdata1[15]
    DSP48_X0Y9           DSP48E1 (Prop_dsp48e1_A[15]_PCOUT[47])
                                                      3.559    15.091 r  u_core/u_alu/result0__0/PCOUT[47]
                         net (fo=1, routed)           0.056    15.147    u_core/u_alu/result0__0_n_106
    DSP48_X0Y10          DSP48E1 (Prop_dsp48e1_PCIN[47]_P[3])
                                                      1.271    16.418 r  u_core/u_alu/result0__1/P[3]
                         net (fo=2, routed)           0.831    17.249    u_core/u_alu/result0__1_n_102
    SLICE_X12Y27         LUT2 (Prop_lut2_I0_O)        0.105    17.354 r  u_core/u_alu/registers[0][23]_i_11/O
                         net (fo=1, routed)           0.000    17.354    u_core/u_alu/registers[0][23]_i_11_n_0
    SLICE_X12Y27         CARRY4 (Prop_carry4_S[0]_CO[3])
                                                      0.423    17.777 r  u_core/u_alu/registers_reg[0][23]_i_5/CO[3]
                         net (fo=1, routed)           0.000    17.777    u_core/u_alu/registers_reg[0][23]_i_5_n_0
    SLICE_X12Y28         CARRY4 (Prop_carry4_CI_CO[3])
                                                      0.100    17.877 r  u_core/u_alu/registers_reg[0][27]_i_5/CO[3]
                         net (fo=1, routed)           0.000    17.877    u_core/u_alu/registers_reg[0][27]_i_5_n_0
    SLICE_X12Y29         CARRY4 (Prop_carry4_CI_O[3])
                                                      0.262    18.139 r  u_core/u_alu/registers_reg[0][31]_i_18/O[3]
                         net (fo=1, routed)           0.472    18.611    u_core/u_control_unit/registers_reg[6][31][3]
    SLICE_X15Y25         LUT6 (Prop_lut6_I0_O)        0.250    18.861 r  u_core/u_control_unit/registers[0][31]_i_8/O
                         net (fo=1, routed)           0.313    19.174    u_core/u_control_unit/registers[0][31]_i_8_n_0
    SLICE_X15Y25         LUT5 (Prop_lut5_I3_O)        0.105    19.279 r  u_core/u_control_unit/registers[0][31]_i_2/O
                         net (fo=8, routed)           0.950    20.229    u_core/u_register_file/registers_reg[6][31]_0[31]
    SLICE_X11Y15         FDCE                                         r  u_core/u_register_file/registers_reg[0][31]/D
  -------------------------------------------------------------------    -------------------

                         (clock clk50_mmcm rise edge)
                                                     20.000    20.000 r  <hidden>
    N15                                               0.000    20.000 r  CLK_100MHZ
                         net (fo=0)                   0.000    20.000    CLK_100MHZ
    N15                  IBUF (Prop_ibuf_I_O)         1.306    21.306 r  CLK_100MHZ_IBUF_inst/O
                         net (fo=1, routed)           1.004    22.309    CLK_100MHZ_IBUF
    MMCME2_ADV_X0Y0      MMCME2_ADV (Prop_mmcme2_adv_CLKIN1_CLKOUT0)
                                                      0.073    22.382 r  u_mmcm/CLKOUT0
                         net (fo=1, routed)           1.357    23.740    clk50_mmcm
    BUFGCTRL_X0Y0        BUFG (Prop_bufg_I_O)         0.077    23.817 r  u_bufg_clk50/O
                         net (fo=1244, routed)        1.256    25.073    u_core/u_register_file/clk50
    SLICE_X11Y15         FDCE                                         r  u_core/u_register_file/registers_reg[0][31]/C
                         clock pessimism              0.268    25.341    <hidden>
                         clock uncertainty           -0.082    25.259    <hidden>
    SLICE_X11Y15         FDCE (Setup_fdce_C_D)       -0.059    25.200    u_core/u_register_file/registers_reg[0][31]
  -------------------------------------------------------------------
                         required time                         25.200    <hidden>
                         arrival time                         -20.229    <hidden>
  -------------------------------------------------------------------
                         slack                                  4.972    <hidden>

Slack (MET) :             5.004ns  (required time - arrival time)
  Source:                 u_core/u_control_unit/prog_mem_reg_2/CLKARDCLK
                            (rising edge-triggered cell RAMB18E1 clocked by clk50_mmcm  {rise@0.000ns fall@10.000ns period=20.000ns})
  Destination:            u_core/u_register_file/registers_reg[1][31]/D
                            (rising edge-triggered cell FDCE clocked by clk50_mmcm  {rise@0.000ns fall@10.000ns period=20.000ns})
  Path Group:             clk50_mmcm
  Path Type:              Setup (Max at Slow Process Corner)
  Requirement:            20.000ns  (clk50_mmcm rise@20.000ns - clk50_mmcm rise@0.000ns)
  Data Path Delay:        14.803ns  (logic 8.712ns (58.853%)  route 6.091ns (41.147%))
  Logic Levels:           11  (CARRY4=3 DSP48E1=2 LUT2=2 LUT4=1 LUT5=1 LUT6=2)
  Clock Path Skew:        -0.085ns (DCD - SCD + CPR)
    Destination Clock Delay (DCD):    5.073ns = ( 25.073 - 20.000 ) 
    Source Clock Delay      (SCD):    5.426ns
    Clock Pessimism Removal (CPR):    0.268ns
  Clock Uncertainty:      0.082ns  ((TSJ^2 + DJ^2)^1/2) / 2 + PE
    Total System Jitter     (TSJ):    0.071ns
    Discrete Jitter          (DJ):    0.147ns
    Phase Error              (PE):    0.000ns

    Location             Delay type                Incr(ns)  Path(ns)    Netlist Resource(s)
  -------------------------------------------------------------------    -------------------
                         (clock clk50_mmcm rise edge)
                                                      0.000     0.000 r  <hidden>
    N15                                               0.000     0.000 r  CLK_100MHZ
                         net (fo=0)                   0.000     0.000    CLK_100MHZ
    N15                  IBUF (Prop_ibuf_I_O)         1.371     1.371 r  CLK_100MHZ_IBUF_inst/O
                         net (fo=1, routed)           1.065     2.436    CLK_100MHZ_IBUF
    MMCME2_ADV_X0Y0      MMCME2_ADV (Prop_mmcme2_adv_CLKIN1_CLKOUT0)
                                                      0.077     2.513 r  u_mmcm/CLKOUT0
                         net (fo=1, routed)           1.425     3.938    clk50_mmcm
    BUFGCTRL_X0Y0        BUFG (Prop_bufg_I_O)         0.081     4.019 r  u_bufg_clk50/O
                         net (fo=1244, routed)        1.406     5.426    u_core/u_control_unit/clk50
    RAMB18_X0Y5          RAMB18E1                                     r  u_core/u_control_unit/prog_mem_reg_2/CLKARDCLK
  -------------------------------------------------------------------    -------------------
    RAMB18_X0Y5          RAMB18E1 (Prop_ramb18e1_CLKARDCLK_DOBDO[6])
                                                      2.125     7.551 r  u_core/u_control_unit/prog_mem_reg_2/DOBDO[6]
                         net (fo=1, routed)           0.626     8.177    u_core/u_control_unit/prog_mem_reg_2_n_25
    SLICE_X9Y14          LUT2 (Prop_lut2_I0_O)        0.126     8.303 r  u_core/u_control_unit/result0_i_99/O
                         net (fo=64, routed)          1.081     9.383    u_core/u_register_file/rf_raddr1[1]
    SLICE_X15Y26         LUT6 (Prop_lut6_I2_O)        0.267     9.650 r  u_core/u_register_file/result0__0_i_21/O
                         net (fo=2, routed)           0.786    10.436    u_core/u_register_file/result0__0_i_21_n_0
    SLICE_X28Y26         LUT4 (Prop_lut4_I3_O)        0.119    10.555 r  u_core/u_register_file/result0__0_i_2/O
                         net (fo=30, routed)          0.977    11.532    u_core/u_alu/rf_rdata1[15]
    DSP48_X0Y9           DSP48E1 (Prop_dsp48e1_A[15]_PCOUT[47])
                                                      3.559    15.091 r  u_core/u_alu/result0__0/PCOUT[47]
                         net (fo=1, routed)           0.056    15.147    u_core/u_alu/result0__0_n_106
    DSP48_X0Y10          DSP48E1 (Prop_dsp48e1_PCIN[47]_P[3])
                                                      1.271    16.418 r  u_core/u_alu/result0__1/P[3]
                         net (fo=2, routed)           0.831    17.249    u_core/u_alu/result0__1_n_102
    SLICE_X12Y27         LUT2 (Prop_lut2_I0_O)        0.105    17.354 r  u_core/u_alu/registers[0][23]_i_11/O
                         net (fo=1, routed)           0.000    17.354    u_core/u_alu/registers[0][23]_i_11_n_0
    SLICE_X12Y27         CARRY4 (Prop_carry4_S[0]_CO[3])
                                                      0.423    17.777 r  u_core/u_alu/registers_reg[0][23]_i_5/CO[3]
                         net (fo=1, routed)           0.000    17.777    u_core/u_alu/registers_reg[0][23]_i_5_n_0
    SLICE_X12Y28         CARRY4 (Prop_carry4_CI_CO[3])
                                                      0.100    17.877 r  u_core/u_alu/registers_reg[0][27]_i_5/CO[3]
                         net (fo=1, routed)           0.000    17.877    u_core/u_alu/registers_reg[0][27]_i_5_n_0
    SLICE_X12Y29         CARRY4 (Prop_carry4_CI_O[3])
                                                      0.262    18.139 r  u_core/u_alu/registers_reg[0][31]_i_18/O[3]
                         net (fo=1, routed)           0.472    18.611    u_core/u_control_unit/registers_reg[6][31][3]
    SLICE_X15Y25         LUT6 (Prop_lut6_I0_O)        0.250    18.861 r  u_core/u_control_unit/registers[0][31]_i_8/O
                         net (fo=1, routed)           0.313    19.174    u_core/u_control_unit/registers[0][31]_i_8_n_0
    SLICE_X15Y25         LUT5 (Prop_lut5_I3_O)        0.105    19.279 r  u_core/u_control_unit/registers[0][31]_i_2/O
                         net (fo=8, routed)           0.950    20.229    u_core/u_register_file/registers_reg[6][31]_0[31]
    SLICE_X10Y15         FDCE                                         r  u_core/u_register_file/registers_reg[1][31]/D
  -------------------------------------------------------------------    -------------------

                         (clock clk50_mmcm rise edge)
                                                     20.000    20.000 r  <hidden>
    N15                                               0.000    20.000 r  CLK_100MHZ
                         net (fo=0)                   0.000    20.000    CLK_100MHZ
    N15                  IBUF (Prop_ibuf_I_O)         1.306    21.306 r  CLK_100MHZ_IBUF_inst/O
                         net (fo=1, routed)           1.004    22.309    CLK_100MHZ_IBUF
    MMCME2_ADV_X0Y0      MMCME2_ADV (Prop_mmcme2_adv_CLKIN1_CLKOUT0)
                                                      0.073    22.382 r  u_mmcm/CLKOUT0
                         net (fo=1, routed)           1.357    23.740    clk50_mmcm
    BUFGCTRL_X0Y0        BUFG (Prop_bufg_I_O)         0.077    23.817 r  u_bufg_clk50/O
                         net (fo=1244, routed)        1.256    25.073    u_core/u_register_file/clk50
    SLICE_X10Y15         FDCE                                         r  u_core/u_register_file/registers_reg[1][31]/C
                         clock pessimism              0.268    25.341    <hidden>
                         clock uncertainty           -0.082    25.259    <hidden>
    SLICE_X10Y15         FDCE (Setup_fdce_C_D)       -0.027    25.232    u_core/u_register_file/registers_reg[1][31]
  -------------------------------------------------------------------
                         required time                         25.232    <hidden>
                         arrival time                         -20.229    <hidden>
  -------------------------------------------------------------------
                         slack                                  5.004    <hidden>

Slack (MET) :             5.096ns  (required time - arrival time)
  Source:                 u_core/u_control_unit/prog_mem_reg_2/CLKARDCLK
                            (rising edge-triggered cell RAMB18E1 clocked by clk50_mmcm  {rise@0.000ns fall@10.000ns period=20.000ns})
  Destination:            u_core/u_register_file/registers_reg[7][31]/D
                            (rising edge-triggered cell FDCE clocked by clk50_mmcm  {rise@0.000ns fall@10.000ns period=20.000ns})
  Path Group:             clk50_mmcm
  Path Type:              Setup (Max at Slow Process Corner)
  Requirement:            20.000ns  (clk50_mmcm rise@20.000ns - clk50_mmcm rise@0.000ns)
  Data Path Delay:        14.680ns  (logic 8.712ns (59.348%)  route 5.968ns (40.652%))
  Logic Levels:           11  (CARRY4=3 DSP48E1=2 LUT2=2 LUT4=1 LUT5=1 LUT6=2)
  Clock Path Skew:        -0.084ns (DCD - SCD + CPR)
    Destination Clock Delay (DCD):    5.074ns = ( 25.074 - 20.000 ) 
    Source Clock Delay      (SCD):    5.426ns
    Clock Pessimism Removal (CPR):    0.268ns
  Clock Uncertainty:      0.082ns  ((TSJ^2 + DJ^2)^1/2) / 2 + PE
    Total System Jitter     (TSJ):    0.071ns
    Discrete Jitter          (DJ):    0.147ns
    Phase Error              (PE):    0.000ns

    Location             Delay type                Incr(ns)  Path(ns)    Netlist Resource(s)
  -------------------------------------------------------------------    -------------------
                         (clock clk50_mmcm rise edge)
                                                      0.000     0.000 r  <hidden>
    N15                                               0.000     0.000 r  CLK_100MHZ
                         net (fo=0)                   0.000     0.000    CLK_100MHZ
    N15                  IBUF (Prop_ibuf_I_O)         1.371     1.371 r  CLK_100MHZ_IBUF_inst/O
                         net (fo=1, routed)           1.065     2.436    CLK_100MHZ_IBUF
    MMCME2_ADV_X0Y0      MMCME2_ADV (Prop_mmcme2_adv_CLKIN1_CLKOUT0)
                                                      0.077     2.513 r  u_mmcm/CLKOUT0
                         net (fo=1, routed)           1.425     3.938    clk50_mmcm
    BUFGCTRL_X0Y0        BUFG (Prop_bufg_I_O)         0.081     4.019 r  u_bufg_clk50/O
                         net (fo=1244, routed)        1.406     5.426    u_core/u_control_unit/clk50
    RAMB18_X0Y5          RAMB18E1                                     r  u_core/u_control_unit/prog_mem_reg_2/CLKARDCLK
  -------------------------------------------------------------------    -------------------
    RAMB18_X0Y5          RAMB18E1 (Prop_ramb18e1_CLKARDCLK_DOBDO[6])
                                                      2.125     7.551 r  u_core/u_control_unit/prog_mem_reg_2/DOBDO[6]
                         net (fo=1, routed)           0.626     8.177    u_core/u_control_unit/prog_mem_reg_2_n_25
    SLICE_X9Y14          LUT2 (Prop_lut2_I0_O)        0.126     8.303 r  u_core/u_control_unit/result0_i_99/O
                         net (fo=64, routed)          1.081     9.383    u_core/u_register_file/rf_raddr1[1]
    SLICE_X15Y26         LUT6 (Prop_lut6_I2_O)        0.267     9.650 r  u_core/u_register_file/result0__0_i_21/O
                         net (fo=2, routed)           0.786    10.436    u_core/u_register_file/result0__0_i_21_n_0
    SLICE_X28Y26         LUT4 (Prop_lut4_I3_O)        0.119    10.555 r  u_core/u_register_file/result0__0_i_2/O
                         net (fo=30, routed)          0.977    11.532    u_core/u_alu/rf_rdata1[15]
    DSP48_X0Y9           DSP48E1 (Prop_dsp48e1_A[15]_PCOUT[47])
                                                      3.559    15.091 r  u_core/u_alu/result0__0/PCOUT[47]
                         net (fo=1, routed)           0.056    15.147    u_core/u_alu/result0__0_n_106
    DSP48_X0Y10          DSP48E1 (Prop_dsp48e1_PCIN[47]_P[3])
                                                      1.271    16.418 r  u_core/u_alu/result0__1/P[3]
                         net (fo=2, routed)           0.831    17.249    u_core/u_alu/result0__1_n_102
    SLICE_X12Y27         LUT2 (Prop_lut2_I0_O)        0.105    17.354 r  u_core/u_alu/registers[0][23]_i_11/O
                         net (fo=1, routed)           0.000    17.354    u_core/u_alu/registers[0][23]_i_11_n_0
    SLICE_X12Y27         CARRY4 (Prop_carry4_S[0]_CO[3])
                                                      0.423    17.777 r  u_core/u_alu/registers_reg[0][23]_i_5/CO[3]
                         net (fo=1, routed)           0.000    17.777    u_core/u_alu/registers_reg[0][23]_i_5_n_0
    SLICE_X12Y28         CARRY4 (Prop_carry4_CI_CO[3])
                                                      0.100    17.877 r  u_core/u_alu/registers_reg[0][27]_i_5/CO[3]
                         net (fo=1, routed)           0.000    17.877    u_core/u_alu/registers_reg[0][27]_i_5_n_0
    SLICE_X12Y29         CARRY4 (Prop_carry4_CI_O[3])
                                                      0.262    18.139 r  u_core/u_alu/registers_reg[0][31]_i_18/O[3]
                         net (fo=1, routed)           0.472    18.611    u_core/u_control_unit/registers_reg[6][31][3]
    SLICE_X15Y25         LUT6 (Prop_lut6_I0_O)        0.250    18.861 r  u_core/u_control_unit/registers[0][31]_i_8/O
                         net (fo=1, routed)           0.313    19.174    u_core/u_control_unit/registers[0][31]_i_8_n_0
    SLICE_X15Y25         LUT5 (Prop_lut5_I3_O)        0.105    19.279 r  u_core/u_control_unit/registers[0][31]_i_2/O
                         net (fo=8, routed)           0.826    20.105    u_core/u_register_file/registers_reg[6][31]_0[31]
    SLICE_X11Y14         FDCE                                         r  u_core/u_register_file/registers_reg[7][31]/D
  -------------------------------------------------------------------    -------------------

                         (clock clk50_mmcm rise edge)
                                                     20.000    20.000 r  <hidden>
    N15                                               0.000    20.000 r  CLK_100MHZ
                         net (fo=0)                   0.000    20.000    CLK_100MHZ
    N15                  IBUF (Prop_ibuf_I_O)         1.306    21.306 r  CLK_100MHZ_IBUF_inst/O
                         net (fo=1, routed)           1.004    22.309    CLK_100MHZ_IBUF
    MMCME2_ADV_X0Y0      MMCME2_ADV (Prop_mmcme2_adv_CLKIN1_CLKOUT0)
                                                      0.073    22.382 r  u_mmcm/CLKOUT0
                         net (fo=1, routed)           1.357    23.740    clk50_mmcm
    BUFGCTRL_X0Y0        BUFG (Prop_bufg_I_O)         0.077    23.817 r  u_bufg_clk50/O
                         net (fo=1244, routed)        1.257    25.074    u_core/u_register_file/clk50
    SLICE_X11Y14         FDCE                                         r  u_core/u_register_file/registers_reg[7][31]/C
                         clock pessimism              0.268    25.342    <hidden>
                         clock uncertainty           -0.082    25.260    <hidden>
    SLICE_X11Y14         FDCE (Setup_fdce_C_D)       -0.059    25.201    u_core/u_register_file/registers_reg[7][31]
  -------------------------------------------------------------------
                         required time                         25.201    <hidden>
                         arrival time                         -20.105    <hidden>
  -------------------------------------------------------------------
                         slack                                  5.096    <hidden>

Slack (MET) :             5.102ns  (required time - arrival time)
  Source:                 u_core/u_control_unit/prog_mem_reg_2/CLKARDCLK
                            (rising edge-triggered cell RAMB18E1 clocked by clk50_mmcm  {rise@0.000ns fall@10.000ns period=20.000ns})
  Destination:            u_core/u_register_file/registers_reg[4][31]/D
                            (rising edge-triggered cell FDCE clocked by clk50_mmcm  {rise@0.000ns fall@10.000ns period=20.000ns})
  Path Group:             clk50_mmcm
  Path Type:              Setup (Max at Slow Process Corner)
  Requirement:            20.000ns  (clk50_mmcm rise@20.000ns - clk50_mmcm rise@0.000ns)
  Data Path Delay:        14.690ns  (logic 8.712ns (59.307%)  route 5.978ns (40.693%))
  Logic Levels:           11  (CARRY4=3 DSP48E1=2 LUT2=2 LUT4=1 LUT5=1 LUT6=2)
  Clock Path Skew:        -0.068ns (DCD - SCD + CPR)
    Destination Clock Delay (DCD):    5.073ns = ( 25.073 - 20.000 ) 
    Source Clock Delay      (SCD):    5.426ns
    Clock Pessimism Removal (CPR):    0.285ns
  Clock Uncertainty:      0.082ns  ((TSJ^2 + DJ^2)^1/2) / 2 + PE
    Total System Jitter     (TSJ):    0.071ns
    Discrete Jitter          (DJ):    0.147ns
    Phase Error              (PE):    0.000ns

    Location             Delay type                Incr(ns)  Path(ns)    Netlist Resource(s)
  -------------------------------------------------------------------    -------------------
                         (clock clk50_mmcm rise edge)
                                                      0.000     0.000 r  <hidden>
    N15                                               0.000     0.000 r  CLK_100MHZ
                         net (fo=0)                   0.000     0.000    CLK_100MHZ
    N15                  IBUF (Prop_ibuf_I_O)         1.371     1.371 r  CLK_100MHZ_IBUF_inst/O
                         net (fo=1, routed)           1.065     2.436    CLK_100MHZ_IBUF
    MMCME2_ADV_X0Y0      MMCME2_ADV (Prop_mmcme2_adv_CLKIN1_CLKOUT0)
                                                      0.077     2.513 r  u_mmcm/CLKOUT0
                         net (fo=1, routed)           1.425     3.938    clk50_mmcm
    BUFGCTRL_X0Y0        BUFG (Prop_bufg_I_O)         0.081     4.019 r  u_bufg_clk50/O
                         net (fo=1244, routed)        1.406     5.426    u_core/u_control_unit/clk50
    RAMB18_X0Y5          RAMB18E1                                     r  u_core/u_control_unit/prog_mem_reg_2/CLKARDCLK
  -------------------------------------------------------------------    -------------------
    RAMB18_X0Y5          RAMB18E1 (Prop_ramb18e1_CLKARDCLK_DOBDO[6])
                                                      2.125     7.551 r  u_core/u_control_unit/prog_mem_reg_2/DOBDO[6]
                         net (fo=1, routed)           0.626     8.177    u_core/u_control_unit/prog_mem_reg_2_n_25
    SLICE_X9Y14          LUT2 (Prop_lut2_I0_O)        0.126     8.303 r  u_core/u_control_unit/result0_i_99/O
                         net (fo=64, routed)          1.081     9.383    u_core/u_register_file/rf_raddr1[1]
    SLICE_X15Y26         LUT6 (Prop_lut6_I2_O)        0.267     9.650 r  u_core/u_register_file/result0__0_i_21/O
                         net (fo=2, routed)           0.786    10.436    u_core/u_register_file/result0__0_i_21_n_0
    SLICE_X28Y26         LUT4 (Prop_lut4_I3_O)        0.119    10.555 r  u_core/u_register_file/result0__0_i_2/O
                         net (fo=30, routed)          0.977    11.532    u_core/u_alu/rf_rdata1[15]
    DSP48_X0Y9           DSP48E1 (Prop_dsp48e1_A[15]_PCOUT[47])
                                                      3.559    15.091 r  u_core/u_alu/result0__0/PCOUT[47]
                         net (fo=1, routed)           0.056    15.147    u_core/u_alu/result0__0_n_106
    DSP48_X0Y10          DSP48E1 (Prop_dsp48e1_PCIN[47]_P[3])
                                                      1.271    16.418 r  u_core/u_alu/result0__1/P[3]
                         net (fo=2, routed)           0.831    17.249    u_core/u_alu/result0__1_n_102
    SLICE_X12Y27         LUT2 (Prop_lut2_I0_O)        0.105    17.354 r  u_core/u_alu/registers[0][23]_i_11/O
                         net (fo=1, routed)           0.000    17.354    u_core/u_alu/registers[0][23]_i_11_n_0
    SLICE_X12Y27         CARRY4 (Prop_carry4_S[0]_CO[3])
                                                      0.423    17.777 r  u_core/u_alu/registers_reg[0][23]_i_5/CO[3]
                         net (fo=1, routed)           0.000    17.777    u_core/u_alu/registers_reg[0][23]_i_5_n_0
    SLICE_X12Y28         CARRY4 (Prop_carry4_CI_CO[3])
                                                      0.100    17.877 r  u_core/u_alu/registers_reg[0][27]_i_5/CO[3]
                         net (fo=1, routed)           0.000    17.877    u_core/u_alu/registers_reg[0][27]_i_5_n_0
    SLICE_X12Y29         CARRY4 (Prop_carry4_CI_O[3])
                                                      0.262    18.139 r  u_core/u_alu/registers_reg[0][31]_i_18/O[3]
                         net (fo=1, routed)           0.472    18.611    u_core/u_control_unit/registers_reg[6][31][3]
    SLICE_X15Y25         LUT6 (Prop_lut6_I0_O)        0.250    18.861 r  u_core/u_control_unit/registers[0][31]_i_8/O
                         net (fo=1, routed)           0.313    19.174    u_core/u_control_unit/registers[0][31]_i_8_n_0
    SLICE_X15Y25         LUT5 (Prop_lut5_I3_O)        0.105    19.279 r  u_core/u_control_unit/registers[0][31]_i_2/O
                         net (fo=8, routed)           0.836    20.115    u_core/u_register_file/registers_reg[6][31]_0[31]
    SLICE_X9Y15          FDCE                                         r  u_core/u_register_file/registers_reg[4][31]/D
  -------------------------------------------------------------------    -------------------

                         (clock clk50_mmcm rise edge)
                                                     20.000    20.000 r  <hidden>
    N15                                               0.000    20.000 r  CLK_100MHZ
                         net (fo=0)                   0.000    20.000    CLK_100MHZ
    N15                  IBUF (Prop_ibuf_I_O)         1.306    21.306 r  CLK_100MHZ_IBUF_inst/O
                         net (fo=1, routed)           1.004    22.309    CLK_100MHZ_IBUF
    MMCME2_ADV_X0Y0      MMCME2_ADV (Prop_mmcme2_adv_CLKIN1_CLKOUT0)
                                                      0.073    22.382 r  u_mmcm/CLKOUT0
                         net (fo=1, routed)           1.357    23.740    clk50_mmcm
    BUFGCTRL_X0Y0        BUFG (Prop_bufg_I_O)         0.077    23.817 r  u_bufg_clk50/O
                         net (fo=1244, routed)        1.256    25.073    u_core/u_register_file/clk50
    SLICE_X9Y15          FDCE                                         r  u_core/u_register_file/registers_reg[4][31]/C
                         clock pessimism              0.285    25.358    <hidden>
                         clock uncertainty           -0.082    25.276    <hidden>
    SLICE_X9Y15          FDCE (Setup_fdce_C_D)       -0.059    25.217    u_core/u_register_file/registers_reg[4][31]
  -------------------------------------------------------------------
                         required time                         25.217    <hidden>
                         arrival time                         -20.115    <hidden>
  -------------------------------------------------------------------
                         slack                                  5.102    <hidden>

Slack (MET) :             5.139ns  (required time - arrival time)
  Source:                 u_core/u_control_unit/prog_mem_reg_2/CLKARDCLK
                            (rising edge-triggered cell RAMB18E1 clocked by clk50_mmcm  {rise@0.000ns fall@10.000ns period=20.000ns})
  Destination:            u_core/u_register_file/registers_reg[3][31]/D
                            (rising edge-triggered cell FDCE clocked by clk50_mmcm  {rise@0.000ns fall@10.000ns period=20.000ns})
  Path Group:             clk50_mmcm
  Path Type:              Setup (Max at Slow Process Corner)
  Requirement:            20.000ns  (clk50_mmcm rise@20.000ns - clk50_mmcm rise@0.000ns)
  Data Path Delay:        14.636ns  (logic 8.712ns (59.526%)  route 5.924ns (40.474%))
  Logic Levels:           11  (CARRY4=3 DSP48E1=2 LUT2=2 LUT4=1 LUT5=1 LUT6=2)
  Clock Path Skew:        -0.085ns (DCD - SCD + CPR)
    Destination Clock Delay (DCD):    5.073ns = ( 25.073 - 20.000 ) 
    Source Clock Delay      (SCD):    5.426ns
    Clock Pessimism Removal (CPR):    0.268ns
  Clock Uncertainty:      0.082ns  ((TSJ^2 + DJ^2)^1/2) / 2 + PE
    Total System Jitter     (TSJ):    0.071ns
    Discrete Jitter          (DJ):    0.147ns
    Phase Error              (PE):    0.000ns

    Location             Delay type                Incr(ns)  Path(ns)    Netlist Resource(s)
  -------------------------------------------------------------------    -------------------
                         (clock clk50_mmcm rise edge)
                                                      0.000     0.000 r  <hidden>
    N15                                               0.000     0.000 r  CLK_100MHZ
                         net (fo=0)                   0.000     0.000    CLK_100MHZ
    N15                  IBUF (Prop_ibuf_I_O)         1.371     1.371 r  CLK_100MHZ_IBUF_inst/O
                         net (fo=1, routed)           1.065     2.436    CLK_100MHZ_IBUF
    MMCME2_ADV_X0Y0      MMCME2_ADV (Prop_mmcme2_adv_CLKIN1_CLKOUT0)
                                                      0.077     2.513 r  u_mmcm/CLKOUT0
                         net (fo=1, routed)           1.425     3.938    clk50_mmcm
    BUFGCTRL_X0Y0        BUFG (Prop_bufg_I_O)         0.081     4.019 r  u_bufg_clk50/O
                         net (fo=1244, routed)        1.406     5.426    u_core/u_control_unit/clk50
    RAMB18_X0Y5          RAMB18E1                                     r  u_core/u_control_unit/prog_mem_reg_2/CLKARDCLK
  -------------------------------------------------------------------    -------------------
    RAMB18_X0Y5          RAMB18E1 (Prop_ramb18e1_CLKARDCLK_DOBDO[6])
                                                      2.125     7.551 r  u_core/u_control_unit/prog_mem_reg_2/DOBDO[6]
                         net (fo=1, routed)           0.626     8.177    u_core/u_control_unit/prog_mem_reg_2_n_25
    SLICE_X9Y14          LUT2 (Prop_lut2_I0_O)        0.126     8.303 r  u_core/u_control_unit/result0_i_99/O
                         net (fo=64, routed)          1.081     9.383    u_core/u_register_file/rf_raddr1[1]
    SLICE_X15Y26         LUT6 (Prop_lut6_I2_O)        0.267     9.650 r  u_core/u_register_file/result0__0_i_21/O
                         net (fo=2, routed)           0.786    10.436    u_core/u_register_file/result0__0_i_21_n_0
    SLICE_X28Y26         LUT4 (Prop_lut4_I3_O)        0.119    10.555 r  u_core/u_register_file/result0__0_i_2/O
                         net (fo=30, routed)          0.977    11.532    u_core/u_alu/rf_rdata1[15]
    DSP48_X0Y9           DSP48E1 (Prop_dsp48e1_A[15]_PCOUT[47])
                                                      3.559    15.091 r  u_core/u_alu/result0__0/PCOUT[47]
                         net (fo=1, routed)           0.056    15.147    u_core/u_alu/result0__0_n_106
    DSP48_X0Y10          DSP48E1 (Prop_dsp48e1_PCIN[47]_P[3])
                                                      1.271    16.418 r  u_core/u_alu/result0__1/P[3]
                         net (fo=2, routed)           0.831    17.249    u_core/u_alu/result0__1_n_102
    SLICE_X12Y27         LUT2 (Prop_lut2_I0_O)        0.105    17.354 r  u_core/u_alu/registers[0][23]_i_11/O
                         net (fo=1, routed)           0.000    17.354    u_core/u_alu/registers[0][23]_i_11_n_0
    SLICE_X12Y27         CARRY4 (Prop_carry4_S[0]_CO[3])
                                                      0.423    17.777 r  u_core/u_alu/registers_reg[0][23]_i_5/CO[3]
                         net (fo=1, routed)           0.000    17.777    u_core/u_alu/registers_reg[0][23]_i_5_n_0
    SLICE_X12Y28         CARRY4 (Prop_carry4_CI_CO[3])
                                                      0.100    17.877 r  u_core/u_alu/registers_reg[0][27]_i_5/CO[3]
                         net (fo=1, routed)           0.000    17.877    u_core/u_alu/registers_reg[0][27]_i_5_n_0
    SLICE_X12Y29         CARRY4 (Prop_carry4_CI_O[3])
                                                      0.262    18.139 r  u_core/u_alu/registers_reg[0][31]_i_18/O[3]
                         net (fo=1, routed)           0.472    18.611    u_core/u_control_unit/registers_reg[6][31][3]
    SLICE_X15Y25         LUT6 (Prop_lut6_I0_O)        0.250    18.861 r  u_core/u_control_unit/registers[0][31]_i_8/O
                         net (fo=1, routed)           0.313    19.174    u_core/u_control_unit/registers[0][31]_i_8_n_0
    SLICE_X15Y25         LUT5 (Prop_lut5_I3_O)        0.105    19.279 r  u_core/u_control_unit/registers[0][31]_i_2/O
                         net (fo=8, routed)           0.782    20.061    u_core/u_register_file/registers_reg[6][31]_0[31]
    SLICE_X11Y16         FDCE                                         r  u_core/u_register_file/registers_reg[3][31]/D
  -------------------------------------------------------------------    -------------------

                         (clock clk50_mmcm rise edge)
                                                     20.000    20.000 r  <hidden>
    N15                                               0.000    20.000 r  CLK_100MHZ
                         net (fo=0)                   0.000    20.000    CLK_100MHZ
    N15                  IBUF (Prop_ibuf_I_O)         1.306    21.306 r  CLK_100MHZ_IBUF_inst/O
                         net (fo=1, routed)           1.004    22.309    CLK_100MHZ_IBUF
    MMCME2_ADV_X0Y0      MMCME2_ADV (Prop_mmcme2_adv_CLKIN1_CLKOUT0)
                                                      0.073    22.382 r  u_mmcm/CLKOUT0
                         net (fo=1, routed)           1.357    23.740    clk50_mmcm
    BUFGCTRL_X0Y0        BUFG (Prop_bufg_I_O)         0.077    23.817 r  u_bufg_clk50/O
                         net (fo=1244, routed)        1.256    25.073    u_core/u_register_file/clk50
    SLICE_X11Y16         FDCE                                         r  u_core/u_register_file/registers_reg[3][31]/C
                         clock pessimism              0.268    25.341    <hidden>
                         clock uncertainty           -0.082    25.259    <hidden>
    SLICE_X11Y16         FDCE (Setup_fdce_C_D)       -0.059    25.200    u_core/u_register_file/registers_reg[3][31]
  -------------------------------------------------------------------
                         required time                         25.200    <hidden>
                         arrival time                         -20.061    <hidden>
  -------------------------------------------------------------------
                         slack                                  5.139    <hidden>

Slack (MET) :             5.169ns  (required time - arrival time)
  Source:                 u_core/u_control_unit/prog_mem_reg_2/CLKARDCLK
                            (rising edge-triggered cell RAMB18E1 clocked by clk50_mmcm  {rise@0.000ns fall@10.000ns period=20.000ns})
  Destination:            u_core/u_register_file/registers_reg[2][31]/D
                            (rising edge-triggered cell FDCE clocked by clk50_mmcm  {rise@0.000ns fall@10.000ns period=20.000ns})
  Path Group:             clk50_mmcm
  Path Type:              Setup (Max at Slow Process Corner)
  Requirement:            20.000ns  (clk50_mmcm rise@20.000ns - clk50_mmcm rise@0.000ns)
  Data Path Delay:        14.667ns  (logic 8.712ns (59.400%)  route 5.955ns (40.600%))
  Logic Levels:           11  (CARRY4=3 DSP48E1=2 LUT2=2 LUT4=1 LUT5=1 LUT6=2)
  Clock Path Skew:        -0.068ns (DCD - SCD + CPR)
    Destination Clock Delay (DCD):    5.073ns = ( 25.073 - 20.000 ) 
    Source Clock Delay      (SCD):    5.426ns
    Clock Pessimism Removal (CPR):    0.285ns
  Clock Uncertainty:      0.082ns  ((TSJ^2 + DJ^2)^1/2) / 2 + PE
    Total System Jitter     (TSJ):    0.071ns
    Discrete Jitter          (DJ):    0.147ns
    Phase Error              (PE):    0.000ns

    Location             Delay type                Incr(ns)  Path(ns)    Netlist Resource(s)
  -------------------------------------------------------------------    -------------------
                         (clock clk50_mmcm rise edge)
                                                      0.000     0.000 r  <hidden>
    N15                                               0.000     0.000 r  CLK_100MHZ
                         net (fo=0)                   0.000     0.000    CLK_100MHZ
    N15                  IBUF (Prop_ibuf_I_O)         1.371     1.371 r  CLK_100MHZ_IBUF_inst/O
                         net (fo=1, routed)           1.065     2.436    CLK_100MHZ_IBUF
    MMCME2_ADV_X0Y0      MMCME2_ADV (Prop_mmcme2_adv_CLKIN1_CLKOUT0)
                                                      0.077     2.513 r  u_mmcm/CLKOUT0
                         net (fo=1, routed)           1.425     3.938    clk50_mmcm
    BUFGCTRL_X0Y0        BUFG (Prop_bufg_I_O)         0.081     4.019 r  u_bufg_clk50/O
                         net (fo=1244, routed)        1.406     5.426    u_core/u_control_unit/clk50
    RAMB18_X0Y5          RAMB18E1                                     r  u_core/u_control_unit/prog_mem_reg_2/CLKARDCLK
  -------------------------------------------------------------------    -------------------
    RAMB18_X0Y5          RAMB18E1 (Prop_ramb18e1_CLKARDCLK_DOBDO[6])
                                                      2.125     7.551 r  u_core/u_control_unit/prog_mem_reg_2/DOBDO[6]
                         net (fo=1, routed)           0.626     8.177    u_core/u_control_unit/prog_mem_reg_2_n_25
    SLICE_X9Y14          LUT2 (Prop_lut2_I0_O)        0.126     8.303 r  u_core/u_control_unit/result0_i_99/O
                         net (fo=64, routed)          1.081     9.383    u_core/u_register_file/rf_raddr1[1]
    SLICE_X15Y26         LUT6 (Prop_lut6_I2_O)        0.267     9.650 r  u_core/u_register_file/result0__0_i_21/O
                         net (fo=2, routed)           0.786    10.436    u_core/u_register_file/result0__0_i_21_n_0
    SLICE_X28Y26         LUT4 (Prop_lut4_I3_O)        0.119    10.555 r  u_core/u_register_file/result0__0_i_2/O
                         net (fo=30, routed)          0.977    11.532    u_core/u_alu/rf_rdata1[15]
    DSP48_X0Y9           DSP48E1 (Prop_dsp48e1_A[15]_PCOUT[47])
                                                      3.559    15.091 r  u_core/u_alu/result0__0/PCOUT[47]
                         net (fo=1, routed)           0.056    15.147    u_core/u_alu/result0__0_n_106
    DSP48_X0Y10          DSP48E1 (Prop_dsp48e1_PCIN[47]_P[3])
                                                      1.271    16.418 r  u_core/u_alu/result0__1/P[3]
                         net (fo=2, routed)           0.831    17.249    u_core/u_alu/result0__1_n_102
    SLICE_X12Y27         LUT2 (Prop_lut2_I0_O)        0.105    17.354 r  u_core/u_alu/registers[0][23]_i_11/O
                         net (fo=1, routed)           0.000    17.354    u_core/u_alu/registers[0][23]_i_11_n_0
    SLICE_X12Y27         CARRY4 (Prop_carry4_S[0]_CO[3])
                                                      0.423    17.777 r  u_core/u_alu/registers_reg[0][23]_i_5/CO[3]
                         net (fo=1, routed)           0.000    17.777    u_core/u_alu/registers_reg[0][23]_i_5_n_0
    SLICE_X12Y28         CARRY4 (Prop_carry4_CI_CO[3])
                                                      0.100    17.877 r  u_core/u_alu/registers_reg[0][27]_i_5/CO[3]
                         net (fo=1, routed)           0.000    17.877    u_core/u_alu/registers_reg[0][27]_i_5_n_0
    SLICE_X12Y29         CARRY4 (Prop_carry4_CI_O[3])
                                                      0.262    18.139 r  u_core/u_alu/registers_reg[0][31]_i_18/O[3]
                         net (fo=1, routed)           0.472    18.611    u_core/u_control_unit/registers_reg[6][31][3]
    SLICE_X15Y25         LUT6 (Prop_lut6_I0_O)        0.250    18.861 r  u_core/u_control_unit/registers[0][31]_i_8/O
                         net (fo=1, routed)           0.313    19.174    u_core/u_control_unit/registers[0][31]_i_8_n_0
    SLICE_X15Y25         LUT5 (Prop_lut5_I3_O)        0.105    19.279 r  u_core/u_control_unit/registers[0][31]_i_2/O
                         net (fo=8, routed)           0.813    20.092    u_core/u_register_file/registers_reg[6][31]_0[31]
    SLICE_X8Y15          FDCE                                         r  u_core/u_register_file/registers_reg[2][31]/D
  -------------------------------------------------------------------    -------------------

                         (clock clk50_mmcm rise edge)
                                                     20.000    20.000 r  <hidden>
    N15                                               0.000    20.000 r  CLK_100MHZ
                         net (fo=0)                   0.000    20.000    CLK_100MHZ
    N15                  IBUF (Prop_ibuf_I_O)         1.306    21.306 r  CLK_100MHZ_IBUF_inst/O
                         net (fo=1, routed)           1.004    22.309    CLK_100MHZ_IBUF
    MMCME2_ADV_X0Y0      MMCME2_ADV (Prop_mmcme2_adv_CLKIN1_CLKOUT0)
                                                      0.073    22.382 r  u_mmcm/CLKOUT0
                         net (fo=1, routed)           1.357    23.740    clk50_mmcm
    BUFGCTRL_X0Y0        BUFG (Prop_bufg_I_O)         0.077    23.817 r  u_bufg_clk50/O
                         net (fo=1244, routed)        1.256    25.073    u_core/u_register_file/clk50
    SLICE_X8Y15          FDCE                                         r  u_core/u_register_file/registers_reg[2][31]/C
                         clock pessimism              0.285    25.358    <hidden>
                         clock uncertainty           -0.082    25.276    <hidden>
    SLICE_X8Y15          FDCE (Setup_fdce_C_D)       -0.015    25.261    u_core/u_register_file/registers_reg[2][31]
  -------------------------------------------------------------------
                         required time                         25.261    <hidden>
                         arrival time                         -20.092    <hidden>
  -------------------------------------------------------------------
                         slack                                  5.169    <hidden>

Slack (MET) :             5.243ns  (required time - arrival time)
  Source:                 u_core/u_control_unit/prog_mem_reg_2/CLKARDCLK
                            (rising edge-triggered cell RAMB18E1 clocked by clk50_mmcm  {rise@0.000ns fall@10.000ns period=20.000ns})
  Destination:            u_core/u_register_file/registers_reg[3][23]/D
                            (rising edge-triggered cell FDCE clocked by clk50_mmcm  {rise@0.000ns fall@10.000ns period=20.000ns})
  Path Group:             clk50_mmcm
  Path Type:              Setup (Max at Slow Process Corner)
  Requirement:            20.000ns  (clk50_mmcm rise@20.000ns - clk50_mmcm rise@0.000ns)
  Data Path Delay:        14.543ns  (logic 8.432ns (57.979%)  route 6.111ns (42.021%))
  Logic Levels:           9  (CARRY4=1 DSP48E1=2 LUT2=2 LUT4=1 LUT5=1 LUT6=2)
  Clock Path Skew:        -0.086ns (DCD - SCD + CPR)
    Destination Clock Delay (DCD):    5.072ns = ( 25.072 - 20.000 ) 
    Source Clock Delay      (SCD):    5.426ns
    Clock Pessimism Removal (CPR):    0.268ns
  Clock Uncertainty:      0.082ns  ((TSJ^2 + DJ^2)^1/2) / 2 + PE
    Total System Jitter     (TSJ):    0.071ns
    Discrete Jitter          (DJ):    0.147ns
    Phase Error              (PE):    0.000ns

    Location             Delay type                Incr(ns)  Path(ns)    Netlist Resource(s)
  -------------------------------------------------------------------    -------------------
                         (clock clk50_mmcm rise edge)
                                                      0.000     0.000 r  <hidden>
    N15                                               0.000     0.000 r  CLK_100MHZ
                         net (fo=0)                   0.000     0.000    CLK_100MHZ
    N15                  IBUF (Prop_ibuf_I_O)         1.371     1.371 r  CLK_100MHZ_IBUF_inst/O
                         net (fo=1, routed)           1.065     2.436    CLK_100MHZ_IBUF
    MMCME2_ADV_X0Y0      MMCME2_ADV (Prop_mmcme2_adv_CLKIN1_CLKOUT0)
                                                      0.077     2.513 r  u_mmcm/CLKOUT0
                         net (fo=1, routed)           1.425     3.938    clk50_mmcm
    BUFGCTRL_X0Y0        BUFG (Prop_bufg_I_O)         0.081     4.019 r  u_bufg_clk50/O
                         net (fo=1244, routed)        1.406     5.426    u_core/u_control_unit/clk50
    RAMB18_X0Y5          RAMB18E1                                     r  u_core/u_control_unit/prog_mem_reg_2/CLKARDCLK
  -------------------------------------------------------------------    -------------------
    RAMB18_X0Y5          RAMB18E1 (Prop_ramb18e1_CLKARDCLK_DOBDO[6])
                                                      2.125     7.551 r  u_core/u_control_unit/prog_mem_reg_2/DOBDO[6]
                         net (fo=1, routed)           0.626     8.177    u_core/u_control_unit/prog_mem_reg_2_n_25
    SLICE_X9Y14          LUT2 (Prop_lut2_I0_O)        0.126     8.303 r  u_core/u_control_unit/result0_i_99/O
                         net (fo=64, routed)          1.081     9.383    u_core/u_register_file/rf_raddr1[1]
    SLICE_X15Y26         LUT6 (Prop_lut6_I2_O)        0.267     9.650 r  u_core/u_register_file/result0__0_i_21/O
                         net (fo=2, routed)           0.786    10.436    u_core/u_register_file/result0__0_i_21_n_0
    SLICE_X28Y26         LUT4 (Prop_lut4_I3_O)        0.119    10.555 r  u_core/u_register_file/result0__0_i_2/O
                         net (fo=30, routed)          0.977    11.532    u_core/u_alu/rf_rdata1[15]
    DSP48_X0Y9           DSP48E1 (Prop_dsp48e1_A[15]_PCOUT[47])
                                                      3.559    15.091 r  u_core/u_alu/result0__0/PCOUT[47]
                         net (fo=1, routed)           0.056    15.147    u_core/u_alu/result0__0_n_106
    DSP48_X0Y10          DSP48E1 (Prop_dsp48e1_PCIN[47]_P[3])
                                                      1.271    16.418 r  u_core/u_alu/result0__1/P[3]
                         net (fo=2, routed)           0.831    17.249    u_core/u_alu/result0__1_n_102
    SLICE_X12Y27         LUT2 (Prop_lut2_I0_O)        0.105    17.354 r  u_core/u_alu/registers[0][23]_i_11/O
                         net (fo=1, routed)           0.000    17.354    u_core/u_alu/registers[0][23]_i_11_n_0
    SLICE_X12Y27         CARRY4 (Prop_carry4_S[0]_O[3])
                                                      0.505    17.859 r  u_core/u_alu/registers_reg[0][23]_i_5/O[3]
                         net (fo=1, routed)           0.530    18.389    u_core/u_control_unit/registers_reg[6][23][3]
    SLICE_X14Y27         LUT6 (Prop_lut6_I0_O)        0.250    18.639 r  u_core/u_control_unit/registers[0][23]_i_3/O
                         net (fo=1, routed)           0.375    19.013    u_core/u_control_unit/registers[0][23]_i_3_n_0
    SLICE_X14Y27         LUT5 (Prop_lut5_I3_O)        0.105    19.118 r  u_core/u_control_unit/registers[0][23]_i_1/O
                         net (fo=8, routed)           0.850    19.969    u_core/u_register_file/registers_reg[6][31]_0[23]
    SLICE_X13Y32         FDCE                                         r  u_core/u_register_file/registers_reg[3][23]/D
  -------------------------------------------------------------------    -------------------

                         (clock clk50_mmcm rise edge)
                                                     20.000    20.000 r  <hidden>
    N15                                               0.000    20.000 r  CLK_100MHZ
                         net (fo=0)                   0.000    20.000    CLK_100MHZ
    N15                  IBUF (Prop_ibuf_I_O)         1.306    21.306 r  CLK_100MHZ_IBUF_inst/O
                         net (fo=1, routed)           1.004    22.309    CLK_100MHZ_IBUF
    MMCME2_ADV_X0Y0      MMCME2_ADV (Prop_mmcme2_adv_CLKIN1_CLKOUT0)
                                                      0.073    22.382 r  u_mmcm/CLKOUT0
                         net (fo=1, routed)           1.357    23.740    clk50_mmcm
    BUFGCTRL_X0Y0        BUFG (Prop_bufg_I_O)         0.077    23.817 r  u_bufg_clk50/O
                         net (fo=1244, routed)        1.255    25.072    u_core/u_register_file/clk50
    SLICE_X13Y32         FDCE                                         r  u_core/u_register_file/registers_reg[3][23]/C
                         clock pessimism              0.268    25.340    <hidden>
                         clock uncertainty           -0.082    25.258    <hidden>
    SLICE_X13Y32         FDCE (Setup_fdce_C_D)       -0.047    25.211    u_core/u_register_file/registers_reg[3][23]
  -------------------------------------------------------------------
                         required time                         25.211    <hidden>
                         arrival time                         -19.969    <hidden>
  -------------------------------------------------------------------
                         slack                                  5.243    <hidden>

Slack (MET) :             5.245ns  (required time - arrival time)
  Source:                 u_core/u_control_unit/prog_mem_reg_2/CLKARDCLK
                            (rising edge-triggered cell RAMB18E1 clocked by clk50_mmcm  {rise@0.000ns fall@10.000ns period=20.000ns})
  Destination:            u_core/u_register_file/registers_reg[4][24]/D
                            (rising edge-triggered cell FDCE clocked by clk50_mmcm  {rise@0.000ns fall@10.000ns period=20.000ns})
  Path Group:             clk50_mmcm
  Path Type:              Setup (Max at Slow Process Corner)
  Requirement:            20.000ns  (clk50_mmcm rise@20.000ns - clk50_mmcm rise@0.000ns)
  Data Path Delay:        14.545ns  (logic 8.516ns (58.548%)  route 6.029ns (41.452%))
  Logic Levels:           10  (CARRY4=2 DSP48E1=2 LUT2=2 LUT4=1 LUT5=1 LUT6=2)
  Clock Path Skew:        -0.086ns (DCD - SCD + CPR)
    Destination Clock Delay (DCD):    5.072ns = ( 25.072 - 20.000 ) 
    Source Clock Delay      (SCD):    5.426ns
    Clock Pessimism Removal (CPR):    0.268ns
  Clock Uncertainty:      0.082ns  ((TSJ^2 + DJ^2)^1/2) / 2 + PE
    Total System Jitter     (TSJ):    0.071ns
    Discrete Jitter          (DJ):    0.147ns
    Phase Error              (PE):    0.000ns

    Location             Delay type                Incr(ns)  Path(ns)    Netlist Resource(s)
  -------------------------------------------------------------------    -------------------
                         (clock clk50_mmcm rise edge)
                                                      0.000     0.000 r  <hidden>
    N15                                               0.000     0.000 r  CLK_100MHZ
                         net (fo=0)                   0.000     0.000    CLK_100MHZ
    N15                  IBUF (Prop_ibuf_I_O)         1.371     1.371 r  CLK_100MHZ_IBUF_inst/O
                         net (fo=1, routed)           1.065     2.436    CLK_100MHZ_IBUF
    MMCME2_ADV_X0Y0      MMCME2_ADV (Prop_mmcme2_adv_CLKIN1_CLKOUT0)
                                                      0.077     2.513 r  u_mmcm/CLKOUT0
                         net (fo=1, routed)           1.425     3.938    clk50_mmcm
    BUFGCTRL_X0Y0        BUFG (Prop_bufg_I_O)         0.081     4.019 r  u_bufg_clk50/O
                         net (fo=1244, routed)        1.406     5.426    u_core/u_control_unit/clk50
    RAMB18_X0Y5          RAMB18E1                                     r  u_core/u_control_unit/prog_mem_reg_2/CLKARDCLK
  -------------------------------------------------------------------    -------------------
    RAMB18_X0Y5          RAMB18E1 (Prop_ramb18e1_CLKARDCLK_DOBDO[6])
                                                      2.125     7.551 r  u_core/u_control_unit/prog_mem_reg_2/DOBDO[6]
                         net (fo=1, routed)           0.626     8.177    u_core/u_control_unit/prog_mem_reg_2_n_25
    SLICE_X9Y14          LUT2 (Prop_lut2_I0_O)        0.126     8.303 r  u_core/u_control_unit/result0_i_99/O
                         net (fo=64, routed)          1.081     9.383    u_core/u_register_file/rf_raddr1[1]
    SLICE_X15Y26         LUT6 (Prop_lut6_I2_O)        0.267     9.650 r  u_core/u_register_file/result0__0_i_21/O
                         net (fo=2, routed)           0.786    10.436    u_core/u_register_file/result0__0_i_21_n_0
    SLICE_X28Y26         LUT4 (Prop_lut4_I3_O)        0.119    10.555 r  u_core/u_register_file/result0__0_i_2/O
                         net (fo=30, routed)          0.977    11.532    u_core/u_alu/rf_rdata1[15]
    DSP48_X0Y9           DSP48E1 (Prop_dsp48e1_A[15]_PCOUT[47])
                                                      3.559    15.091 r  u_core/u_alu/result0__0/PCOUT[47]
                         net (fo=1, routed)           0.056    15.147    u_core/u_alu/result0__0_n_106
    DSP48_X0Y10          DSP48E1 (Prop_dsp48e1_PCIN[47]_P[3])
                                                      1.271    16.418 r  u_core/u_alu/result0__1/P[3]
                         net (fo=2, routed)           0.831    17.249    u_core/u_alu/result0__1_n_102
    SLICE_X12Y27         LUT2 (Prop_lut2_I0_O)        0.105    17.354 r  u_core/u_alu/registers[0][23]_i_11/O
                         net (fo=1, routed)           0.000    17.354    u_core/u_alu/registers[0][23]_i_11_n_0
    SLICE_X12Y27         CARRY4 (Prop_carry4_S[0]_CO[3])
                                                      0.423    17.777 r  u_core/u_alu/registers_reg[0][23]_i_5/CO[3]
                         net (fo=1, routed)           0.000    17.777    u_core/u_alu/registers_reg[0][23]_i_5_n_0
    SLICE_X12Y28         CARRY4 (Prop_carry4_CI_O[0])
                                                      0.178    17.955 r  u_core/u_alu/registers_reg[0][27]_i_5/O[0]
                         net (fo=1, routed)           0.556    18.511    u_core/u_control_unit/registers_reg[6][27][0]
    SLICE_X14Y26         LUT6 (Prop_lut6_I0_O)        0.238    18.749 r  u_core/u_control_unit/registers[0][24]_i_3/O
                         net (fo=1, routed)           0.383    19.132    u_core/u_control_unit/registers[0][24]_i_3_n_0
    SLICE_X14Y26         LUT5 (Prop_lut5_I3_O)        0.105    19.237 r  u_core/u_control_unit/registers[0][24]_i_1/O
                         net (fo=8, routed)           0.734    19.971    u_core/u_register_file/registers_reg[6][31]_0[24]
    SLICE_X15Y32         FDCE                                         r  u_core/u_register_file/registers_reg[4][24]/D
  -------------------------------------------------------------------    -------------------

                         (clock clk50_mmcm rise edge)
                                                     20.000    20.000 r  <hidden>
    N15                                               0.000    20.000 r  CLK_100MHZ
                         net (fo=0)                   0.000    20.000    CLK_100MHZ
    N15                  IBUF (Prop_ibuf_I_O)         1.306    21.306 r  CLK_100MHZ_IBUF_inst/O
                         net (fo=1, routed)           1.004    22.309    CLK_100MHZ_IBUF
    MMCME2_ADV_X0Y0      MMCME2_ADV (Prop_mmcme2_adv_CLKIN1_CLKOUT0)
                                                      0.073    22.382 r  u_mmcm/CLKOUT0
                         net (fo=1, routed)           1.357    23.740    clk50_mmcm
    BUFGCTRL_X0Y0        BUFG (Prop_bufg_I_O)         0.077    23.817 r  u_bufg_clk50/O
                         net (fo=1244, routed)        1.255    25.072    u_core/u_register_file/clk50
    SLICE_X15Y32         FDCE                                         r  u_core/u_register_file/registers_reg[4][24]/C
                         clock pessimism              0.268    25.340    <hidden>
                         clock uncertainty           -0.082    25.258    <hidden>
    SLICE_X15Y32         FDCE (Setup_fdce_C_D)       -0.042    25.216    u_core/u_register_file/registers_reg[4][24]
  -------------------------------------------------------------------
                         required time                         25.216    <hidden>
                         arrival time                         -19.971    <hidden>
  -------------------------------------------------------------------
                         slack                                  5.245    <hidden>

Slack (MET) :             5.266ns  (required time - arrival time)
  Source:                 u_core/u_control_unit/prog_mem_reg_2/CLKARDCLK
                            (rising edge-triggered cell RAMB18E1 clocked by clk50_mmcm  {rise@0.000ns fall@10.000ns period=20.000ns})
  Destination:            u_core/u_register_file/registers_reg[6][24]/D
                            (rising edge-triggered cell FDCE clocked by clk50_mmcm  {rise@0.000ns fall@10.000ns period=20.000ns})
  Path Group:             clk50_mmcm
  Path Type:              Setup (Max at Slow Process Corner)
  Requirement:            20.000ns  (clk50_mmcm rise@20.000ns - clk50_mmcm rise@0.000ns)
  Data Path Delay:        14.547ns  (logic 8.516ns (58.540%)  route 6.031ns (41.460%))
  Logic Levels:           10  (CARRY4=2 DSP48E1=2 LUT2=2 LUT4=1 LUT5=1 LUT6=2)
  Clock Path Skew:        -0.088ns (DCD - SCD + CPR)
    Destination Clock Delay (DCD):    5.070ns = ( 25.070 - 20.000 ) 
    Source Clock Delay      (SCD):    5.426ns
    Clock Pessimism Removal (CPR):    0.268ns
  Clock Uncertainty:      0.082ns  ((TSJ^2 + DJ^2)^1/2) / 2 + PE
    Total System Jitter     (TSJ):    0.071ns
    Discrete Jitter          (DJ):    0.147ns
    Phase Error              (PE):    0.000ns

    Location             Delay type                Incr(ns)  Path(ns)    Netlist Resource(s)
  -------------------------------------------------------------------    -------------------
                         (clock clk50_mmcm rise edge)
                                                      0.000     0.000 r  <hidden>
    N15                                               0.000     0.000 r  CLK_100MHZ
                         net (fo=0)                   0.000     0.000    CLK_100MHZ
    N15                  IBUF (Prop_ibuf_I_O)         1.371     1.371 r  CLK_100MHZ_IBUF_inst/O
                         net (fo=1, routed)           1.065     2.436    CLK_100MHZ_IBUF
    MMCME2_ADV_X0Y0      MMCME2_ADV (Prop_mmcme2_adv_CLKIN1_CLKOUT0)
                                                      0.077     2.513 r  u_mmcm/CLKOUT0
                         net (fo=1, routed)           1.425     3.938    clk50_mmcm
    BUFGCTRL_X0Y0        BUFG (Prop_bufg_I_O)         0.081     4.019 r  u_bufg_clk50/O
                         net (fo=1244, routed)        1.406     5.426    u_core/u_control_unit/clk50
    RAMB18_X0Y5          RAMB18E1                                     r  u_core/u_control_unit/prog_mem_reg_2/CLKARDCLK
  -------------------------------------------------------------------    -------------------
    RAMB18_X0Y5          RAMB18E1 (Prop_ramb18e1_CLKARDCLK_DOBDO[6])
                                                      2.125     7.551 r  u_core/u_control_unit/prog_mem_reg_2/DOBDO[6]
                         net (fo=1, routed)           0.626     8.177    u_core/u_control_unit/prog_mem_reg_2_n_25
    SLICE_X9Y14          LUT2 (Prop_lut2_I0_O)        0.126     8.303 r  u_core/u_control_unit/result0_i_99/O
                         net (fo=64, routed)          1.081     9.383    u_core/u_register_file/rf_raddr1[1]
    SLICE_X15Y26         LUT6 (Prop_lut6_I2_O)        0.267     9.650 r  u_core/u_register_file/result0__0_i_21/O
                         net (fo=2, routed)           0.786    10.436    u_core/u_register_file/result0__0_i_21_n_0
    SLICE_X28Y26         LUT4 (Prop_lut4_I3_O)        0.119    10.555 r  u_core/u_register_file/result0__0_i_2/O
                         net (fo=30, routed)          0.977    11.532    u_core/u_alu/rf_rdata1[15]
    DSP48_X0Y9           DSP48E1 (Prop_dsp48e1_A[15]_PCOUT[47])
                                                      3.559    15.091 r  u_core/u_alu/result0__0/PCOUT[47]
                         net (fo=1, routed)           0.056    15.147    u_core/u_alu/result0__0_n_106
    DSP48_X0Y10          DSP48E1 (Prop_dsp48e1_PCIN[47]_P[3])
                                                      1.271    16.418 r  u_core/u_alu/result0__1/P[3]
                         net (fo=2, routed)           0.831    17.249    u_core/u_alu/result0__1_n_102
    SLICE_X12Y27         LUT2 (Prop_lut2_I0_O)        0.105    17.354 r  u_core/u_alu/registers[0][23]_i_11/O
                         net (fo=1, routed)           0.000    17.354    u_core/u_alu/registers[0][23]_i_11_n_0
    SLICE_X12Y27         CARRY4 (Prop_carry4_S[0]_CO[3])
                                                      0.423    17.777 r  u_core/u_alu/registers_reg[0][23]_i_5/CO[3]
                         net (fo=1, routed)           0.000    17.777    u_core/u_alu/registers_reg[0][23]_i_5_n_0
    SLICE_X12Y28         CARRY4 (Prop_carry4_CI_O[0])
                                                      0.178    17.955 r  u_core/u_alu/registers_reg[0][27]_i_5/O[0]
                         net (fo=1, routed)           0.556    18.511    u_core/u_control_unit/registers_reg[6][27][0]
    SLICE_X14Y26         LUT6 (Prop_lut6_I0_O)        0.238    18.749 r  u_core/u_control_unit/registers[0][24]_i_3/O
                         net (fo=1, routed)           0.383    19.132    u_core/u_control_unit/registers[0][24]_i_3_n_0
    SLICE_X14Y26         LUT5 (Prop_lut5_I3_O)        0.105    19.237 r  u_core/u_control_unit/registers[0][24]_i_1/O
                         net (fo=8, routed)           0.736    19.973    u_core/u_register_file/registers_reg[6][31]_0[24]
    SLICE_X12Y30         FDCE                                         r  u_core/u_register_file/registers_reg[6][24]/D
  -------------------------------------------------------------------    -------------------

                         (clock clk50_mmcm rise edge)
                                                     20.000    20.000 r  <hidden>
    N15                                               0.000    20.000 r  CLK_100MHZ
                         net (fo=0)                   0.000    20.000    CLK_100MHZ
    N15                  IBUF (Prop_ibuf_I_O)         1.306    21.306 r  CLK_100MHZ_IBUF_inst/O
                         net (fo=1, routed)           1.004    22.309    CLK_100MHZ_IBUF
    MMCME2_ADV_X0Y0      MMCME2_ADV (Prop_mmcme2_adv_CLKIN1_CLKOUT0)
                                                      0.073    22.382 r  u_mmcm/CLKOUT0
                         net (fo=1, routed)           1.357    23.740    clk50_mmcm
    BUFGCTRL_X0Y0        BUFG (Prop_bufg_I_O)         0.077    23.817 r  u_bufg_clk50/O
                         net (fo=1244, routed)        1.253    25.070    u_core/u_register_file/clk50
    SLICE_X12Y30         FDCE                                         r  u_core/u_register_file/registers_reg[6][24]/C
                         clock pessimism              0.268    25.338    <hidden>
                         clock uncertainty           -0.082    25.256    <hidden>
    SLICE_X12Y30         FDCE (Setup_fdce_C_D)       -0.017    25.239    u_core/u_register_file/registers_reg[6][24]
  -------------------------------------------------------------------
                         required time                         25.239    <hidden>
                         arrival time                         -19.973    <hidden>
  -------------------------------------------------------------------
                         slack                                  5.266    <hidden>





Min Delay Paths
--------------------------------------------------------------------------------------
Slack (MET) :             0.036ns  (arrival time - required time)
  Source:                 u_core/u_stock_buffers/g_buf[0].staged_price_reg[0]/C
                            (rising edge-triggered cell FDCE clocked by clk50_mmcm  {rise@0.000ns fall@10.000ns period=20.000ns})
  Destination:            u_core/u_stock_buffers/g_buf[0].mem_reg_0_31_0_5/RAMA/I
                            (rising edge-triggered cell RAMD32 clocked by clk50_mmcm  {rise@0.000ns fall@10.000ns period=20.000ns})
  Path Group:             clk50_mmcm
  Path Type:              Hold (Min at Fast Process Corner)
  Requirement:            0.000ns  (clk50_mmcm rise@0.000ns - clk50_mmcm rise@0.000ns)
  Data Path Delay:        0.196ns  (logic 0.141ns (71.838%)  route 0.055ns (28.162%))
  Logic Levels:           0  
  Clock Path Skew:        0.013ns (DCD - SCD - CPR)
    Destination Clock Delay (DCD):    2.352ns
    Source Clock Delay      (SCD):    1.804ns
    Clock Pessimism Removal (CPR):    0.535ns

    Location             Delay type                Incr(ns)  Path(ns)    Netlist Resource(s)
  -------------------------------------------------------------------    -------------------
                         (clock clk50_mmcm rise edge)
                                                      0.000     0.000 r  <hidden>
    N15                                               0.000     0.000 r  CLK_100MHZ
                         net (fo=0)                   0.000     0.000    CLK_100MHZ
    N15                  IBUF (Prop_ibuf_I_O)         0.209     0.209 r  CLK_100MHZ_IBUF_inst/O
                         net (fo=1, routed)           0.440     0.649    CLK_100MHZ_IBUF
    MMCME2_ADV_X0Y0      MMCME2_ADV (Prop_mmcme2_adv_CLKIN1_CLKOUT0)
                                                      0.050     0.699 r  u_mmcm/CLKOUT0
                         net (fo=1, routed)           0.489     1.188    clk50_mmcm
    BUFGCTRL_X0Y0        BUFG (Prop_bufg_I_O)         0.026     1.214 r  u_bufg_clk50/O
                         net (fo=1244, routed)        0.591     1.804    u_core/u_stock_buffers/clk50
    SLICE_X3Y35          FDCE                                         r  u_core/u_stock_buffers/g_buf[0].staged_price_reg[0]/C
  -------------------------------------------------------------------    -------------------
    SLICE_X3Y35          FDCE (Prop_fdce_C_Q)         0.141     1.945 r  u_core/u_stock_buffers/g_buf[0].staged_price_reg[0]/Q
                         net (fo=1, routed)           0.055     2.001    u_core/u_stock_buffers/g_buf[0].mem_reg_0_31_0_5/DIA0
    SLICE_X2Y35          RAMD32                                       r  u_core/u_stock_buffers/g_buf[0].mem_reg_0_31_0_5/RAMA/I
  -------------------------------------------------------------------    -------------------

                         (clock clk50_mmcm rise edge)
                                                      0.000     0.000 r  <hidden>
    N15                                               0.000     0.000 r  CLK_100MHZ
                         net (fo=0)                   0.000     0.000    CLK_100MHZ
    N15                  IBUF (Prop_ibuf_I_O)         0.396     0.396 r  CLK_100MHZ_IBUF_inst/O
                         net (fo=1, routed)           0.480     0.876    CLK_100MHZ_IBUF
    MMCME2_ADV_X0Y0      MMCME2_ADV (Prop_mmcme2_adv_CLKIN1_CLKOUT0)
                                                      0.053     0.929 r  u_mmcm/CLKOUT0
                         net (fo=1, routed)           0.534     1.463    clk50_mmcm
    BUFGCTRL_X0Y0        BUFG (Prop_bufg_I_O)         0.029     1.492 r  u_bufg_clk50/O
                         net (fo=1244, routed)        0.861     2.352    u_core/u_stock_buffers/g_buf[0].mem_reg_0_31_0_5/WCLK
    SLICE_X2Y35          RAMD32                                       r  u_core/u_stock_buffers/g_buf[0].mem_reg_0_31_0_5/RAMA/CLK
                         clock pessimism             -0.535     1.817    <hidden>
    SLICE_X2Y35          RAMD32 (Hold_ramd32_CLK_I)
                                                      0.147     1.964    u_core/u_stock_buffers/g_buf[0].mem_reg_0_31_0_5/RAMA
  -------------------------------------------------------------------
                         required time                         -1.964    <hidden>
                         arrival time                           2.001    <hidden>
  -------------------------------------------------------------------
                         slack                                  0.036    <hidden>

Slack (MET) :             0.036ns  (arrival time - required time)
  Source:                 u_core/u_stock_buffers/g_buf[1].staged_price_reg[12]/C
                            (rising edge-triggered cell FDCE clocked by clk50_mmcm  {rise@0.000ns fall@10.000ns period=20.000ns})
  Destination:            u_core/u_stock_buffers/g_buf[1].mem_reg_0_31_12_15/RAMA/I
                            (rising edge-triggered cell RAMD32 clocked by clk50_mmcm  {rise@0.000ns fall@10.000ns period=20.000ns})
  Path Group:             clk50_mmcm
  Path Type:              Hold (Min at Fast Process Corner)
  Requirement:            0.000ns  (clk50_mmcm rise@0.000ns - clk50_mmcm rise@0.000ns)
  Data Path Delay:        0.196ns  (logic 0.141ns (71.838%)  route 0.055ns (28.162%))
  Logic Levels:           0  
  Clock Path Skew:        0.013ns (DCD - SCD - CPR)
    Destination Clock Delay (DCD):    2.348ns
    Source Clock Delay      (SCD):    1.801ns
    Clock Pessimism Removal (CPR):    0.534ns

    Location             Delay type                Incr(ns)  Path(ns)    Netlist Resource(s)
  -------------------------------------------------------------------    -------------------
                         (clock clk50_mmcm rise edge)
                                                      0.000     0.000 r  <hidden>
    N15                                               0.000     0.000 r  CLK_100MHZ
                         net (fo=0)                   0.000     0.000    CLK_100MHZ
    N15                  IBUF (Prop_ibuf_I_O)         0.209     0.209 r  CLK_100MHZ_IBUF_inst/O
                         net (fo=1, routed)           0.440     0.649    CLK_100MHZ_IBUF
    MMCME2_ADV_X0Y0      MMCME2_ADV (Prop_mmcme2_adv_CLKIN1_CLKOUT0)
                                                      0.050     0.699 r  u_mmcm/CLKOUT0
                         net (fo=1, routed)           0.489     1.188    clk50_mmcm
    BUFGCTRL_X0Y0        BUFG (Prop_bufg_I_O)         0.026     1.214 r  u_bufg_clk50/O
                         net (fo=1244, routed)        0.588     1.801    u_core/u_stock_buffers/clk50
    SLICE_X7Y33          FDCE                                         r  u_core/u_stock_buffers/g_buf[1].staged_price_reg[12]/C
  -------------------------------------------------------------------    -------------------
    SLICE_X7Y33          FDCE (Prop_fdce_C_Q)         0.141     1.942 r  u_core/u_stock_buffers/g_buf[1].staged_price_reg[12]/Q
                         net (fo=1, routed)           0.055     1.998    u_core/u_stock_buffers/g_buf[1].mem_reg_0_31_12_15/DIA0
    SLICE_X6Y33          RAMD32                                       r  u_core/u_stock_buffers/g_buf[1].mem_reg_0_31_12_15/RAMA/I
  -------------------------------------------------------------------    -------------------

                         (clock clk50_mmcm rise edge)
                                                      0.000     0.000 r  <hidden>
    N15                                               0.000     0.000 r  CLK_100MHZ
                         net (fo=0)                   0.000     0.000    CLK_100MHZ
    N15                  IBUF (Prop_ibuf_I_O)         0.396     0.396 r  CLK_100MHZ_IBUF_inst/O
                         net (fo=1, routed)           0.480     0.876    CLK_100MHZ_IBUF
    MMCME2_ADV_X0Y0      MMCME2_ADV (Prop_mmcme2_adv_CLKIN1_CLKOUT0)
                                                      0.053     0.929 r  u_mmcm/CLKOUT0
                         net (fo=1, routed)           0.534     1.463    clk50_mmcm
    BUFGCTRL_X0Y0        BUFG (Prop_bufg_I_O)         0.029     1.492 r  u_bufg_clk50/O
                         net (fo=1244, routed)        0.857     2.348    u_core/u_stock_buffers/g_buf[1].mem_reg_0_31_12_15/WCLK
    SLICE_X6Y33          RAMD32                                       r  u_core/u_stock_buffers/g_buf[1].mem_reg_0_31_12_15/RAMA/CLK
                         clock pessimism             -0.534     1.814    <hidden>
    SLICE_X6Y33          RAMD32 (Hold_ramd32_CLK_I)
                                                      0.147     1.961    u_core/u_stock_buffers/g_buf[1].mem_reg_0_31_12_15/RAMA
  -------------------------------------------------------------------
                         required time                         -1.961    <hidden>
                         arrival time                           1.998    <hidden>
  -------------------------------------------------------------------
                         slack                                  0.036    <hidden>

Slack (MET) :             0.036ns  (arrival time - required time)
  Source:                 u_core/u_stock_buffers/g_buf[3].staged_price_reg[12]/C
                            (rising edge-triggered cell FDCE clocked by clk50_mmcm  {rise@0.000ns fall@10.000ns period=20.000ns})
  Destination:            u_core/u_stock_buffers/g_buf[3].mem_reg_0_31_12_15/RAMA/I
                            (rising edge-triggered cell RAMD32 clocked by clk50_mmcm  {rise@0.000ns fall@10.000ns period=20.000ns})
  Path Group:             clk50_mmcm
  Path Type:              Hold (Min at Fast Process Corner)
  Requirement:            0.000ns  (clk50_mmcm rise@0.000ns - clk50_mmcm rise@0.000ns)
  Data Path Delay:        0.196ns  (logic 0.141ns (71.838%)  route 0.055ns (28.162%))
  Logic Levels:           0  
  Clock Path Skew:        0.013ns (DCD - SCD - CPR)
    Destination Clock Delay (DCD):    2.349ns
    Source Clock Delay      (SCD):    1.802ns
    Clock Pessimism Removal (CPR):    0.534ns

    Location             Delay type                Incr(ns)  Path(ns)    Netlist Resource(s)
  -------------------------------------------------------------------    -------------------
                         (clock clk50_mmcm rise edge)
                                                      0.000     0.000 r  <hidden>
    N15                                               0.000     0.000 r  CLK_100MHZ
                         net (fo=0)                   0.000     0.000    CLK_100MHZ
    N15                  IBUF (Prop_ibuf_I_O)         0.209     0.209 r  CLK_100MHZ_IBUF_inst/O
                         net (fo=1, routed)           0.440     0.649    CLK_100MHZ_IBUF
    MMCME2_ADV_X0Y0      MMCME2_ADV (Prop_mmcme2_adv_CLKIN1_CLKOUT0)
                                                      0.050     0.699 r  u_mmcm/CLKOUT0
                         net (fo=1, routed)           0.489     1.188    clk50_mmcm
    BUFGCTRL_X0Y0        BUFG (Prop_bufg_I_O)         0.026     1.214 r  u_bufg_clk50/O
                         net (fo=1244, routed)        0.589     1.802    u_core/u_stock_buffers/clk50
    SLICE_X7Y34          FDCE                                         r  u_core/u_stock_buffers/g_buf[3].staged_price_reg[12]/C
  -------------------------------------------------------------------    -------------------
    SLICE_X7Y34          FDCE (Prop_fdce_C_Q)         0.141     1.943 r  u_core/u_stock_buffers/g_buf[3].staged_price_reg[12]/Q
                         net (fo=1, routed)           0.055     1.999    u_core/u_stock_buffers/g_buf[3].mem_reg_0_31_12_15/DIA0
    SLICE_X6Y34          RAMD32                                       r  u_core/u_stock_buffers/g_buf[3].mem_reg_0_31_12_15/RAMA/I
  -------------------------------------------------------------------    -------------------

                         (clock clk50_mmcm rise edge)
                                                      0.000     0.000 r  <hidden>
    N15                                               0.000     0.000 r  CLK_100MHZ
                         net (fo=0)                   0.000     0.000    CLK_100MHZ
    N15                  IBUF (Prop_ibuf_I_O)         0.396     0.396 r  CLK_100MHZ_IBUF_inst/O
                         net (fo=1, routed)           0.480     0.876    CLK_100MHZ_IBUF
    MMCME2_ADV_X0Y0      MMCME2_ADV (Prop_mmcme2_adv_CLKIN1_CLKOUT0)
                                                      0.053     0.929 r  u_mmcm/CLKOUT0
                         net (fo=1, routed)           0.534     1.463    clk50_mmcm
    BUFGCTRL_X0Y0        BUFG (Prop_bufg_I_O)         0.029     1.492 r  u_bufg_clk50/O
                         net (fo=1244, routed)        0.858     2.349    u_core/u_stock_buffers/g_buf[3].mem_reg_0_31_12_15/WCLK
    SLICE_X6Y34          RAMD32                                       r  u_core/u_stock_buffers/g_buf[3].mem_reg_0_31_12_15/RAMA/CLK
                         clock pessimism             -0.534     1.815    <hidden>
    SLICE_X6Y34          RAMD32 (Hold_ramd32_CLK_I)
                                                      0.147     1.962    u_core/u_stock_buffers/g_buf[3].mem_reg_0_31_12_15/RAMA
  -------------------------------------------------------------------
                         required time                         -1.962    <hidden>
                         arrival time                           1.999    <hidden>
  -------------------------------------------------------------------
                         slack                                  0.036    <hidden>

Slack (MET) :             0.036ns  (arrival time - required time)
  Source:                 u_core/u_stock_buffers/g_buf[1].staged_price_reg[0]/C
                            (rising edge-triggered cell FDCE clocked by clk50_mmcm  {rise@0.000ns fall@10.000ns period=20.000ns})
  Destination:            u_core/u_stock_buffers/g_buf[1].mem_reg_0_31_0_5/RAMA/I
                            (rising edge-triggered cell RAMD32 clocked by clk50_mmcm  {rise@0.000ns fall@10.000ns period=20.000ns})
  Path Group:             clk50_mmcm
  Path Type:              Hold (Min at Fast Process Corner)
  Requirement:            0.000ns  (clk50_mmcm rise@0.000ns - clk50_mmcm rise@0.000ns)
  Data Path Delay:        0.196ns  (logic 0.141ns (71.838%)  route 0.055ns (28.162%))
  Logic Levels:           0  
  Clock Path Skew:        0.013ns (DCD - SCD - CPR)
    Destination Clock Delay (DCD):    2.350ns
    Source Clock Delay      (SCD):    1.803ns
    Clock Pessimism Removal (CPR):    0.534ns

    Location             Delay type                Incr(ns)  Path(ns)    Netlist Resource(s)
  -------------------------------------------------------------------    -------------------
                         (clock clk50_mmcm rise edge)
                                                      0.000     0.000 r  <hidden>
    N15                                               0.000     0.000 r  CLK_100MHZ
                         net (fo=0)                   0.000     0.000    CLK_100MHZ
    N15                  IBUF (Prop_ibuf_I_O)         0.209     0.209 r  CLK_100MHZ_IBUF_inst/O
                         net (fo=1, routed)           0.440     0.649    CLK_100MHZ_IBUF
    MMCME2_ADV_X0Y0      MMCME2_ADV (Prop_mmcme2_adv_CLKIN1_CLKOUT0)
                                                      0.050     0.699 r  u_mmcm/CLKOUT0
                         net (fo=1, routed)           0.489     1.188    clk50_mmcm
    BUFGCTRL_X0Y0        BUFG (Prop_bufg_I_O)         0.026     1.214 r  u_bufg_clk50/O
                         net (fo=1244, routed)        0.590     1.803    u_core/u_stock_buffers/clk50
    SLICE_X3Y33          FDCE                                         r  u_core/u_stock_buffers/g_buf[1].staged_price_reg[0]/C
  -------------------------------------------------------------------    -------------------
    SLICE_X3Y33          FDCE (Prop_fdce_C_Q)         0.141     1.944 r  u_core/u_stock_buffers/g_buf[1].staged_price_reg[0]/Q
                         net (fo=1, routed)           0.055     2.000    u_core/u_stock_buffers/g_buf[1].mem_reg_0_31_0_5/DIA0
    SLICE_X2Y33          RAMD32                                       r  u_core/u_stock_buffers/g_buf[1].mem_reg_0_31_0_5/RAMA/I
  -------------------------------------------------------------------    -------------------

                         (clock clk50_mmcm rise edge)
                                                      0.000     0.000 r  <hidden>
    N15                                               0.000     0.000 r  CLK_100MHZ
                         net (fo=0)                   0.000     0.000    CLK_100MHZ
    N15                  IBUF (Prop_ibuf_I_O)         0.396     0.396 r  CLK_100MHZ_IBUF_inst/O
                         net (fo=1, routed)           0.480     0.876    CLK_100MHZ_IBUF
    MMCME2_ADV_X0Y0      MMCME2_ADV (Prop_mmcme2_adv_CLKIN1_CLKOUT0)
                                                      0.053     0.929 r  u_mmcm/CLKOUT0
                         net (fo=1, routed)           0.534     1.463    clk50_mmcm
    BUFGCTRL_X0Y0        BUFG (Prop_bufg_I_O)         0.029     1.492 r  u_bufg_clk50/O
                         net (fo=1244, routed)        0.859     2.350    u_core/u_stock_buffers/g_buf[1].mem_reg_0_31_0_5/WCLK
    SLICE_X2Y33          RAMD32                                       r  u_core/u_stock_buffers/g_buf[1].mem_reg_0_31_0_5/RAMA/CLK
                         clock pessimism             -0.534     1.816    <hidden>
    SLICE_X2Y33          RAMD32 (Hold_ramd32_CLK_I)
                                                      0.147     1.963    u_core/u_stock_buffers/g_buf[1].mem_reg_0_31_0_5/RAMA
  -------------------------------------------------------------------
                         required time                         -1.963    <hidden>
                         arrival time                           2.000    <hidden>
  -------------------------------------------------------------------
                         slack                                  0.036    <hidden>

Slack (MET) :             0.067ns  (arrival time - required time)
  Source:                 u_core/u_uart_protocol/pm_wdata_reg[21]/C
                            (rising edge-triggered cell FDCE clocked by clk50_mmcm  {rise@0.000ns fall@10.000ns period=20.000ns})
  Destination:            u_core/u_control_unit/prog_mem_reg_2/DIBDI[5]
                            (rising edge-triggered cell RAMB18E1 clocked by clk50_mmcm  {rise@0.000ns fall@10.000ns period=20.000ns})
  Path Group:             clk50_mmcm
  Path Type:              Hold (Min at Fast Process Corner)
  Requirement:            0.000ns  (clk50_mmcm rise@0.000ns - clk50_mmcm rise@0.000ns)
  Data Path Delay:        0.278ns  (logic 0.164ns (58.946%)  route 0.114ns (41.054%))
  Logic Levels:           0  
  Clock Path Skew:        0.057ns (DCD - SCD - CPR)
    Destination Clock Delay (DCD):    2.364ns
    Source Clock Delay      (SCD):    1.775ns
    Clock Pessimism Removal (CPR):    0.532ns

    Location             Delay type                Incr(ns)  Path(ns)    Netlist Resource(s)
  -------------------------------------------------------------------    -------------------
                         (clock clk50_mmcm rise edge)
                                                      0.000     0.000 r  <hidden>
    N15                                               0.000     0.000 r  CLK_100MHZ
                         net (fo=0)                   0.000     0.000    CLK_100MHZ
    N15                  IBUF (Prop_ibuf_I_O)         0.209     0.209 r  CLK_100MHZ_IBUF_inst/O
                         net (fo=1, routed)           0.440     0.649    CLK_100MHZ_IBUF
    MMCME2_ADV_X0Y0      MMCME2_ADV (Prop_mmcme2_adv_CLKIN1_CLKOUT0)
                                                      0.050     0.699 r  u_mmcm/CLKOUT0
                         net (fo=1, routed)           0.489     1.188    clk50_mmcm
    BUFGCTRL_X0Y0        BUFG (Prop_bufg_I_O)         0.026     1.214 r  u_bufg_clk50/O
                         net (fo=1244, routed)        0.562     1.775    u_core/u_uart_protocol/clk50
    SLICE_X8Y13          FDCE                                         r  u_core/u_uart_protocol/pm_wdata_reg[21]/C
  -------------------------------------------------------------------    -------------------
    SLICE_X8Y13          FDCE (Prop_fdce_C_Q)         0.164     1.939 r  u_core/u_uart_protocol/pm_wdata_reg[21]/Q
                         net (fo=2, routed)           0.114     2.053    u_core/u_control_unit/pm_wdata[21]
    RAMB18_X0Y5          RAMB18E1                                     r  u_core/u_control_unit/prog_mem_reg_2/DIBDI[5]
  -------------------------------------------------------------------    -------------------

                         (clock clk50_mmcm rise edge)
                                                      0.000     0.000 r  <hidden>
    N15                                               0.000     0.000 r  CLK_100MHZ
                         net (fo=0)                   0.000     0.000    CLK_100MHZ
    N15                  IBUF (Prop_ibuf_I_O)         0.396     0.396 r  CLK_100MHZ_IBUF_inst/O
                         net (fo=1, routed)           0.480     0.876    CLK_100MHZ_IBUF
    MMCME2_ADV_X0Y0      MMCME2_ADV (Prop_mmcme2_adv_CLKIN1_CLKOUT0)
                                                      0.053     0.929 r  u_mmcm/CLKOUT0
                         net (fo=1, routed)           0.534     1.463    clk50_mmcm
    BUFGCTRL_X0Y0        BUFG (Prop_bufg_I_O)         0.029     1.492 r  u_bufg_clk50/O
                         net (fo=1244, routed)        0.872     2.364    u_core/u_control_unit/clk50
    RAMB18_X0Y5          RAMB18E1                                     r  u_core/u_control_unit/prog_mem_reg_2/CLKBWRCLK
                         clock pessimism             -0.532     1.832    <hidden>
    RAMB18_X0Y5          RAMB18E1 (Hold_ramb18e1_CLKBWRCLK_DIBDI[5])
                                                      0.155     1.987    u_core/u_control_unit/prog_mem_reg_2
  -------------------------------------------------------------------
                         required time                         -1.987    <hidden>
                         arrival time                           2.053    <hidden>
  -------------------------------------------------------------------
                         slack                                  0.067    <hidden>

Slack (MET) :             0.070ns  (arrival time - required time)
  Source:                 u_core/u_uart_protocol/pm_wdata_reg[19]/C
                            (rising edge-triggered cell FDCE clocked by clk50_mmcm  {rise@0.000ns fall@10.000ns period=20.000ns})
  Destination:            u_core/u_control_unit/prog_mem_reg_2/DIBDI[3]
                            (rising edge-triggered cell RAMB18E1 clocked by clk50_mmcm  {rise@0.000ns fall@10.000ns period=20.000ns})
  Path Group:             clk50_mmcm
  Path Type:              Hold (Min at Fast Process Corner)
  Requirement:            0.000ns  (clk50_mmcm rise@0.000ns - clk50_mmcm rise@0.000ns)
  Data Path Delay:        0.280ns  (logic 0.164ns (58.525%)  route 0.116ns (41.475%))
  Logic Levels:           0  
  Clock Path Skew:        0.056ns (DCD - SCD - CPR)
    Destination Clock Delay (DCD):    2.364ns
    Source Clock Delay      (SCD):    1.776ns
    Clock Pessimism Removal (CPR):    0.532ns

    Location             Delay type                Incr(ns)  Path(ns)    Netlist Resource(s)
  -------------------------------------------------------------------    -------------------
                         (clock clk50_mmcm rise edge)
                                                      0.000     0.000 r  <hidden>
    N15                                               0.000     0.000 r  CLK_100MHZ
                         net (fo=0)                   0.000     0.000    CLK_100MHZ
    N15                  IBUF (Prop_ibuf_I_O)         0.209     0.209 r  CLK_100MHZ_IBUF_inst/O
                         net (fo=1, routed)           0.440     0.649    CLK_100MHZ_IBUF
    MMCME2_ADV_X0Y0      MMCME2_ADV (Prop_mmcme2_adv_CLKIN1_CLKOUT0)
                                                      0.050     0.699 r  u_mmcm/CLKOUT0
                         net (fo=1, routed)           0.489     1.188    clk50_mmcm
    BUFGCTRL_X0Y0        BUFG (Prop_bufg_I_O)         0.026     1.214 r  u_bufg_clk50/O
                         net (fo=1244, routed)        0.563     1.776    u_core/u_uart_protocol/clk50
    SLICE_X8Y12          FDCE                                         r  u_core/u_uart_protocol/pm_wdata_reg[19]/C
  -------------------------------------------------------------------    -------------------
    SLICE_X8Y12          FDCE (Prop_fdce_C_Q)         0.164     1.940 r  u_core/u_uart_protocol/pm_wdata_reg[19]/Q
                         net (fo=2, routed)           0.116     2.056    u_core/u_control_unit/pm_wdata[19]
    RAMB18_X0Y5          RAMB18E1                                     r  u_core/u_control_unit/prog_mem_reg_2/DIBDI[3]
  -------------------------------------------------------------------    -------------------

                         (clock clk50_mmcm rise edge)
                                                      0.000     0.000 r  <hidden>
    N15                                               0.000     0.000 r  CLK_100MHZ
                         net (fo=0)                   0.000     0.000    CLK_100MHZ
    N15                  IBUF (Prop_ibuf_I_O)         0.396     0.396 r  CLK_100MHZ_IBUF_inst/O
                         net (fo=1, routed)           0.480     0.876    CLK_100MHZ_IBUF
    MMCME2_ADV_X0Y0      MMCME2_ADV (Prop_mmcme2_adv_CLKIN1_CLKOUT0)
                                                      0.053     0.929 r  u_mmcm/CLKOUT0
                         net (fo=1, routed)           0.534     1.463    clk50_mmcm
    BUFGCTRL_X0Y0        BUFG (Prop_bufg_I_O)         0.029     1.492 r  u_bufg_clk50/O
                         net (fo=1244, routed)        0.872     2.364    u_core/u_control_unit/clk50
    RAMB18_X0Y5          RAMB18E1                                     r  u_core/u_control_unit/prog_mem_reg_2/CLKBWRCLK
                         clock pessimism             -0.532     1.832    <hidden>
    RAMB18_X0Y5          RAMB18E1 (Hold_ramb18e1_CLKBWRCLK_DIBDI[3])
                                                      0.155     1.987    u_core/u_control_unit/prog_mem_reg_2
  -------------------------------------------------------------------
                         required time                         -1.987    <hidden>
                         arrival time                           2.056    <hidden>
  -------------------------------------------------------------------
                         slack                                  0.070    <hidden>

Slack (MET) :             0.072ns  (arrival time - required time)
  Source:                 u_core/u_stock_buffers/g_buf[3].staged_price_reg[0]/C
                            (rising edge-triggered cell FDCE clocked by clk50_mmcm  {rise@0.000ns fall@10.000ns period=20.000ns})
  Destination:            u_core/u_stock_buffers/g_buf[3].mem_reg_0_31_0_5/RAMA/I
                            (rising edge-triggered cell RAMD32 clocked by clk50_mmcm  {rise@0.000ns fall@10.000ns period=20.000ns})
  Path Group:             clk50_mmcm
  Path Type:              Hold (Min at Fast Process Corner)
  Requirement:            0.000ns  (clk50_mmcm rise@0.000ns - clk50_mmcm rise@0.000ns)
  Data Path Delay:        0.256ns  (logic 0.141ns (55.003%)  route 0.115ns (44.997%))
  Logic Levels:           0  
  Clock Path Skew:        0.037ns (DCD - SCD - CPR)
    Destination Clock Delay (DCD):    2.351ns
    Source Clock Delay      (SCD):    1.802ns
    Clock Pessimism Removal (CPR):    0.512ns

    Location             Delay type                Incr(ns)  Path(ns)    Netlist Resource(s)
  -------------------------------------------------------------------    -------------------
                         (clock clk50_mmcm rise edge)
                                                      0.000     0.000 r  <hidden>
    N15                                               0.000     0.000 r  CLK_100MHZ
                         net (fo=0)                   0.000     0.000    CLK_100MHZ
    N15                  IBUF (Prop_ibuf_I_O)         0.209     0.209 r  CLK_100MHZ_IBUF_inst/O
                         net (fo=1, routed)           0.440     0.649    CLK_100MHZ_IBUF
    MMCME2_ADV_X0Y0      MMCME2_ADV (Prop_mmcme2_adv_CLKIN1_CLKOUT0)
                                                      0.050     0.699 r  u_mmcm/CLKOUT0
                         net (fo=1, routed)           0.489     1.188    clk50_mmcm
    BUFGCTRL_X0Y0        BUFG (Prop_bufg_I_O)         0.026     1.214 r  u_bufg_clk50/O
                         net (fo=1244, routed)        0.589     1.802    u_core/u_stock_buffers/clk50
    SLICE_X5Y34          FDCE                                         r  u_core/u_stock_buffers/g_buf[3].staged_price_reg[0]/C
  -------------------------------------------------------------------    -------------------
    SLICE_X5Y34          FDCE (Prop_fdce_C_Q)         0.141     1.943 r  u_core/u_stock_buffers/g_buf[3].staged_price_reg[0]/Q
                         net (fo=1, routed)           0.115     2.059    u_core/u_stock_buffers/g_buf[3].mem_reg_0_31_0_5/DIA0
    SLICE_X2Y34          RAMD32                                       r  u_core/u_stock_buffers/g_buf[3].mem_reg_0_31_0_5/RAMA/I
  -------------------------------------------------------------------    -------------------

                         (clock clk50_mmcm rise edge)
                                                      0.000     0.000 r  <hidden>
    N15                                               0.000     0.000 r  CLK_100MHZ
                         net (fo=0)                   0.000     0.000    CLK_100MHZ
    N15                  IBUF (Prop_ibuf_I_O)         0.396     0.396 r  CLK_100MHZ_IBUF_inst/O
                         net (fo=1, routed)           0.480     0.876    CLK_100MHZ_IBUF
    MMCME2_ADV_X0Y0      MMCME2_ADV (Prop_mmcme2_adv_CLKIN1_CLKOUT0)
                                                      0.053     0.929 r  u_mmcm/CLKOUT0
                         net (fo=1, routed)           0.534     1.463    clk50_mmcm
    BUFGCTRL_X0Y0        BUFG (Prop_bufg_I_O)         0.029     1.492 r  u_bufg_clk50/O
                         net (fo=1244, routed)        0.860     2.351    u_core/u_stock_buffers/g_buf[3].mem_reg_0_31_0_5/WCLK
    SLICE_X2Y34          RAMD32                                       r  u_core/u_stock_buffers/g_buf[3].mem_reg_0_31_0_5/RAMA/CLK
                         clock pessimism             -0.512     1.839    <hidden>
    SLICE_X2Y34          RAMD32 (Hold_ramd32_CLK_I)
                                                      0.147     1.986    u_core/u_stock_buffers/g_buf[3].mem_reg_0_31_0_5/RAMA
  -------------------------------------------------------------------
                         required time                         -1.986    <hidden>
                         arrival time                           2.059    <hidden>
  -------------------------------------------------------------------
                         slack                                  0.072    <hidden>

Slack (MET) :             0.079ns  (arrival time - required time)
  Source:                 u_core/u_stock_buffers/g_buf[0].staged_price_reg[14]/C
                            (rising edge-triggered cell FDCE clocked by clk50_mmcm  {rise@0.000ns fall@10.000ns period=20.000ns})
  Destination:            u_core/u_stock_buffers/g_buf[0].mem_reg_0_31_12_15/RAMB/I
                            (rising edge-triggered cell RAMD32 clocked by clk50_mmcm  {rise@0.000ns fall@10.000ns period=20.000ns})
  Path Group:             clk50_mmcm
  Path Type:              Hold (Min at Fast Process Corner)
  Requirement:            0.000ns  (clk50_mmcm rise@0.000ns - clk50_mmcm rise@0.000ns)
  Data Path Delay:        0.240ns  (logic 0.141ns (58.643%)  route 0.099ns (41.357%))
  Logic Levels:           0  
  Clock Path Skew:        0.015ns (DCD - SCD - CPR)
    Destination Clock Delay (DCD):    2.350ns
    Source Clock Delay      (SCD):    1.802ns
    Clock Pessimism Removal (CPR):    0.533ns

    Location             Delay type                Incr(ns)  Path(ns)    Netlist Resource(s)
  -------------------------------------------------------------------    -------------------
                         (clock clk50_mmcm rise edge)
                                                      0.000     0.000 r  <hidden>
    N15                                               0.000     0.000 r  CLK_100MHZ
                         net (fo=0)                   0.000     0.000    CLK_100MHZ
    N15                  IBUF (Prop_ibuf_I_O)         0.209     0.209 r  CLK_100MHZ_IBUF_inst/O
                         net (fo=1, routed)           0.440     0.649    CLK_100MHZ_IBUF
    MMCME2_ADV_X0Y0      MMCME2_ADV (Prop_mmcme2_adv_CLKIN1_CLKOUT0)
                                                      0.050     0.699 r  u_mmcm/CLKOUT0
                         net (fo=1, routed)           0.489     1.188    clk50_mmcm
    BUFGCTRL_X0Y0        BUFG (Prop_bufg_I_O)         0.026     1.214 r  u_bufg_clk50/O
                         net (fo=1244, routed)        0.589     1.802    u_core/u_stock_buffers/clk50
    SLICE_X5Y35          FDCE                                         r  u_core/u_stock_buffers/g_buf[0].staged_price_reg[14]/C
  -------------------------------------------------------------------    -------------------
    SLICE_X5Y35          FDCE (Prop_fdce_C_Q)         0.141     1.943 r  u_core/u_stock_buffers/g_buf[0].staged_price_reg[14]/Q
                         net (fo=1, routed)           0.099     2.043    u_core/u_stock_buffers/g_buf[0].mem_reg_0_31_12_15/DIB0
    SLICE_X6Y35          RAMD32                                       r  u_core/u_stock_buffers/g_buf[0].mem_reg_0_31_12_15/RAMB/I
  -------------------------------------------------------------------    -------------------

                         (clock clk50_mmcm rise edge)
                                                      0.000     0.000 r  <hidden>
    N15                                               0.000     0.000 r  CLK_100MHZ
                         net (fo=0)                   0.000     0.000    CLK_100MHZ
    N15                  IBUF (Prop_ibuf_I_O)         0.396     0.396 r  CLK_100MHZ_IBUF_inst/O
                         net (fo=1, routed)           0.480     0.876    CLK_100MHZ_IBUF
    MMCME2_ADV_X0Y0      MMCME2_ADV (Prop_mmcme2_adv_CLKIN1_CLKOUT0)
                                                      0.053     0.929 r  u_mmcm/CLKOUT0
                         net (fo=1, routed)           0.534     1.463    clk50_mmcm
    BUFGCTRL_X0Y0        BUFG (Prop_bufg_I_O)         0.029     1.492 r  u_bufg_clk50/O
                         net (fo=1244, routed)        0.859     2.350    u_core/u_stock_buffers/g_buf[0].mem_reg_0_31_12_15/WCLK
    SLICE_X6Y35          RAMD32                                       r  u_core/u_stock_buffers/g_buf[0].mem_reg_0_31_12_15/RAMB/CLK
                         clock pessimism             -0.533     1.817    <hidden>
    SLICE_X6Y35          RAMD32 (Hold_ramd32_CLK_I)
                                                      0.146     1.963    u_core/u_stock_buffers/g_buf[0].mem_reg_0_31_12_15/RAMB
  -------------------------------------------------------------------
                         required time                         -1.963    <hidden>
                         arrival time                           2.043    <hidden>
  -------------------------------------------------------------------
                         slack                                  0.079    <hidden>

Slack (MET) :             0.080ns  (arrival time - required time)
  Source:                 u_core/u_stock_buffers/g_buf[4].staged_price_reg[8]/C
                            (rising edge-triggered cell FDCE clocked by clk50_mmcm  {rise@0.000ns fall@10.000ns period=20.000ns})
  Destination:            u_core/u_stock_buffers/g_buf[4].mem_reg_0_31_6_11/RAMB/I
                            (rising edge-triggered cell RAMD32 clocked by clk50_mmcm  {rise@0.000ns fall@10.000ns period=20.000ns})
  Path Group:             clk50_mmcm
  Path Type:              Hold (Min at Fast Process Corner)
  Requirement:            0.000ns  (clk50_mmcm rise@0.000ns - clk50_mmcm rise@0.000ns)
  Data Path Delay:        0.240ns  (logic 0.141ns (58.643%)  route 0.099ns (41.357%))
  Logic Levels:           0  
  Clock Path Skew:        0.014ns (DCD - SCD - CPR)
    Destination Clock Delay (DCD):    2.345ns
    Source Clock Delay      (SCD):    1.798ns
    Clock Pessimism Removal (CPR):    0.533ns

    Location             Delay type                Incr(ns)  Path(ns)    Netlist Resource(s)
  -------------------------------------------------------------------    -------------------
                         (clock clk50_mmcm rise edge)
                                                      0.000     0.000 r  <hidden>
    N15                                               0.000     0.000 r  CLK_100MHZ
                         net (fo=0)                   0.000     0.000    CLK_100MHZ
    N15                  IBUF (Prop_ibuf_I_O)         0.209     0.209 r  CLK_100MHZ_IBUF_inst/O
                         net (fo=1, routed)           0.440     0.649    CLK_100MHZ_IBUF
    MMCME2_ADV_X0Y0      MMCME2_ADV (Prop_mmcme2_adv_CLKIN1_CLKOUT0)
                                                      0.050     0.699 r  u_mmcm/CLKOUT0
                         net (fo=1, routed)           0.489     1.188    clk50_mmcm
    BUFGCTRL_X0Y0        BUFG (Prop_bufg_I_O)         0.026     1.214 r  u_bufg_clk50/O
                         net (fo=1244, routed)        0.585     1.798    u_core/u_stock_buffers/clk50
    SLICE_X5Y30          FDCE                                         r  u_core/u_stock_buffers/g_buf[4].staged_price_reg[8]/C
  -------------------------------------------------------------------    -------------------
    SLICE_X5Y30          FDCE (Prop_fdce_C_Q)         0.141     1.939 r  u_core/u_stock_buffers/g_buf[4].staged_price_reg[8]/Q
                         net (fo=1, routed)           0.099     2.039    u_core/u_stock_buffers/g_buf[4].mem_reg_0_31_6_11/DIB0
    SLICE_X6Y30          RAMD32                                       r  u_core/u_stock_buffers/g_buf[4].mem_reg_0_31_6_11/RAMB/I
  -------------------------------------------------------------------    -------------------

                         (clock clk50_mmcm rise edge)
                                                      0.000     0.000 r  <hidden>
    N15                                               0.000     0.000 r  CLK_100MHZ
                         net (fo=0)                   0.000     0.000    CLK_100MHZ
    N15                  IBUF (Prop_ibuf_I_O)         0.396     0.396 r  CLK_100MHZ_IBUF_inst/O
                         net (fo=1, routed)           0.480     0.876    CLK_100MHZ_IBUF
    MMCME2_ADV_X0Y0      MMCME2_ADV (Prop_mmcme2_adv_CLKIN1_CLKOUT0)
                                                      0.053     0.929 r  u_mmcm/CLKOUT0
                         net (fo=1, routed)           0.534     1.463    clk50_mmcm
    BUFGCTRL_X0Y0        BUFG (Prop_bufg_I_O)         0.029     1.492 r  u_bufg_clk50/O
                         net (fo=1244, routed)        0.854     2.345    u_core/u_stock_buffers/g_buf[4].mem_reg_0_31_6_11/WCLK
    SLICE_X6Y30          RAMD32                                       r  u_core/u_stock_buffers/g_buf[4].mem_reg_0_31_6_11/RAMB/CLK
                         clock pessimism             -0.533     1.812    <hidden>
    SLICE_X6Y30          RAMD32 (Hold_ramd32_CLK_I)
                                                      0.146     1.958    u_core/u_stock_buffers/g_buf[4].mem_reg_0_31_6_11/RAMB
  -------------------------------------------------------------------
                         required time                         -1.958    <hidden>
                         arrival time                           2.039    <hidden>
  -------------------------------------------------------------------
                         slack                                  0.080    <hidden>

Slack (MET) :             0.082ns  (arrival time - required time)
  Source:                 u_core/u_stock_buffers/g_buf[0].staged_price_reg[4]/C
                            (rising edge-triggered cell FDCE clocked by clk50_mmcm  {rise@0.000ns fall@10.000ns period=20.000ns})
  Destination:            u_core/u_stock_buffers/g_buf[0].mem_reg_0_31_0_5/RAMC/I
                            (rising edge-triggered cell RAMD32 clocked by clk50_mmcm  {rise@0.000ns fall@10.000ns period=20.000ns})
  Path Group:             clk50_mmcm
  Path Type:              Hold (Min at Fast Process Corner)
  Requirement:            0.000ns  (clk50_mmcm rise@0.000ns - clk50_mmcm rise@0.000ns)
  Data Path Delay:        0.185ns  (logic 0.128ns (69.109%)  route 0.057ns (30.891%))
  Logic Levels:           0  
  Clock Path Skew:        0.013ns (DCD - SCD - CPR)
    Destination Clock Delay (DCD):    2.352ns
    Source Clock Delay      (SCD):    1.804ns
    Clock Pessimism Removal (CPR):    0.535ns

    Location             Delay type                Incr(ns)  Path(ns)    Netlist Resource(s)
  -------------------------------------------------------------------    -------------------
                         (clock clk50_mmcm rise edge)
                                                      0.000     0.000 r  <hidden>
    N15                                               0.000     0.000 r  CLK_100MHZ
                         net (fo=0)                   0.000     0.000    CLK_100MHZ
    N15                  IBUF (Prop_ibuf_I_O)         0.209     0.209 r  CLK_100MHZ_IBUF_inst/O
                         net (fo=1, routed)           0.440     0.649    CLK_100MHZ_IBUF
    MMCME2_ADV_X0Y0      MMCME2_ADV (Prop_mmcme2_adv_CLKIN1_CLKOUT0)
                                                      0.050     0.699 r  u_mmcm/CLKOUT0
                         net (fo=1, routed)           0.489     1.188    clk50_mmcm
    BUFGCTRL_X0Y0        BUFG (Prop_bufg_I_O)         0.026     1.214 r  u_bufg_clk50/O
                         net (fo=1244, routed)        0.591     1.804    u_core/u_stock_buffers/clk50
    SLICE_X3Y35          FDCE                                         r  u_core/u_stock_buffers/g_buf[0].staged_price_reg[4]/C
  -------------------------------------------------------------------    -------------------
    SLICE_X3Y35          FDCE (Prop_fdce_C_Q)         0.128     1.932 r  u_core/u_stock_buffers/g_buf[0].staged_price_reg[4]/Q
                         net (fo=1, routed)           0.057     1.989    u_core/u_stock_buffers/g_buf[0].mem_reg_0_31_0_5/DIC0
    SLICE_X2Y35          RAMD32                                       r  u_core/u_stock_buffers/g_buf[0].mem_reg_0_31_0_5/RAMC/I
  -------------------------------------------------------------------    -------------------

                         (clock clk50_mmcm rise edge)
                                                      0.000     0.000 r  <hidden>
    N15                                               0.000     0.000 r  CLK_100MHZ
                         net (fo=0)                   0.000     0.000    CLK_100MHZ
    N15                  IBUF (Prop_ibuf_I_O)         0.396     0.396 r  CLK_100MHZ_IBUF_inst/O
                         net (fo=1, routed)           0.480     0.876    CLK_100MHZ_IBUF
    MMCME2_ADV_X0Y0      MMCME2_ADV (Prop_mmcme2_adv_CLKIN1_CLKOUT0)
                                                      0.053     0.929 r  u_mmcm/CLKOUT0
                         net (fo=1, routed)           0.534     1.463    clk50_mmcm
    BUFGCTRL_X0Y0        BUFG (Prop_bufg_I_O)         0.029     1.492 r  u_bufg_clk50/O
                         net (fo=1244, routed)        0.861     2.352    u_core/u_stock_buffers/g_buf[0].mem_reg_0_31_0_5/WCLK
    SLICE_X2Y35          RAMD32                                       r  u_core/u_stock_buffers/g_buf[0].mem_reg_0_31_0_5/RAMC/CLK
                         clock pessimism             -0.535     1.817    <hidden>
    SLICE_X2Y35          RAMD32 (Hold_ramd32_CLK_I)
                                                      0.090     1.907    u_core/u_stock_buffers/g_buf[0].mem_reg_0_31_0_5/RAMC
  -------------------------------------------------------------------
                         required time                         -1.907    <hidden>
                         arrival time                           1.989    <hidden>
  -------------------------------------------------------------------
                         slack                                  0.082    <hidden>





Pulse Width Checks
--------------------------------------------------------------------------------------
Clock Name:         clk50_mmcm
Waveform(ns):       { 0.000 10.000 }
Period(ns):         20.000
Sources:            { u_mmcm/CLKOUT0 }

Check Type        Corner  Lib Pin             Reference Pin  Required(ns)  Actual(ns)  Slack(ns)  Location         Pin
Min Period        n/a     RAMB18E1/CLKARDCLK  n/a            2.472         20.000      17.528     RAMB18_X0Y4      u_core/u_control_unit/prog_mem_reg_1/CLKARDCLK
Min Period        n/a     RAMB18E1/CLKBWRCLK  n/a            2.472         20.000      17.528     RAMB18_X0Y4      u_core/u_control_unit/prog_mem_reg_1/CLKBWRCLK
Min Period        n/a     RAMB18E1/CLKARDCLK  n/a            2.472         20.000      17.528     RAMB18_X0Y5      u_core/u_control_unit/prog_mem_reg_2/CLKARDCLK
Min Period        n/a     RAMB18E1/CLKBWRCLK  n/a            2.472         20.000      17.528     RAMB18_X0Y5      u_core/u_control_unit/prog_mem_reg_2/CLKBWRCLK
Min Period        n/a     BUFG/I              n/a            1.592         20.000      18.408     BUFGCTRL_X0Y0    u_bufg_clk50/I
Min Period        n/a     MMCME2_ADV/CLKOUT0  n/a            1.249         20.000      18.751     MMCME2_ADV_X0Y0  u_mmcm/CLKOUT0
Min Period        n/a     FDRE/C              n/a            1.000         20.000      19.000     SLICE_X4Y15      btn_meta_reg/C
Min Period        n/a     FDRE/C              n/a            1.000         20.000      19.000     SLICE_X1Y6       btn_sync_reg/C
Min Period        n/a     FDRE/C              n/a            1.000         20.000      19.000     SLICE_X1Y6       locked_sync_reg[0]/C
Min Period        n/a     FDRE/C              n/a            1.000         20.000      19.000     SLICE_X1Y6       locked_sync_reg[1]/C
Max Period        n/a     MMCME2_ADV/CLKOUT0  n/a            213.360       20.000      193.360    MMCME2_ADV_X0Y0  u_mmcm/CLKOUT0
Low Pulse Width   Slow    RAMD32/CLK          n/a            1.130         10.000      8.870      SLICE_X2Y35      u_core/u_stock_buffers/g_buf[0].mem_reg_0_31_0_5/RAMA/CLK
Low Pulse Width   Fast    RAMD32/CLK          n/a            1.130         10.000      8.870      SLICE_X2Y35      u_core/u_stock_buffers/g_buf[0].mem_reg_0_31_0_5/RAMA/CLK
Low Pulse Width   Slow    RAMD32/CLK          n/a            1.130         10.000      8.870      SLICE_X2Y35      u_core/u_stock_buffers/g_buf[0].mem_reg_0_31_0_5/RAMA_D1/CLK
Low Pulse Width   Fast    RAMD32/CLK          n/a            1.130         10.000      8.870      SLICE_X2Y35      u_core/u_stock_buffers/g_buf[0].mem_reg_0_31_0_5/RAMA_D1/CLK
Low Pulse Width   Slow    RAMD32/CLK          n/a            1.130         10.000      8.870      SLICE_X2Y35      u_core/u_stock_buffers/g_buf[0].mem_reg_0_31_0_5/RAMB/CLK
Low Pulse Width   Fast    RAMD32/CLK          n/a            1.130         10.000      8.870      SLICE_X2Y35      u_core/u_stock_buffers/g_buf[0].mem_reg_0_31_0_5/RAMB/CLK
Low Pulse Width   Slow    RAMD32/CLK          n/a            1.130         10.000      8.870      SLICE_X2Y35      u_core/u_stock_buffers/g_buf[0].mem_reg_0_31_0_5/RAMB_D1/CLK
Low Pulse Width   Fast    RAMD32/CLK          n/a            1.130         10.000      8.870      SLICE_X2Y35      u_core/u_stock_buffers/g_buf[0].mem_reg_0_31_0_5/RAMB_D1/CLK
Low Pulse Width   Slow    RAMD32/CLK          n/a            1.130         10.000      8.870      SLICE_X2Y35      u_core/u_stock_buffers/g_buf[0].mem_reg_0_31_0_5/RAMC/CLK
Low Pulse Width   Fast    RAMD32/CLK          n/a            1.130         10.000      8.870      SLICE_X2Y35      u_core/u_stock_buffers/g_buf[0].mem_reg_0_31_0_5/RAMC/CLK
High Pulse Width  Slow    RAMD32/CLK          n/a            1.130         10.000      8.870      SLICE_X2Y35      u_core/u_stock_buffers/g_buf[0].mem_reg_0_31_0_5/RAMA/CLK
High Pulse Width  Fast    RAMD32/CLK          n/a            1.130         10.000      8.870      SLICE_X2Y35      u_core/u_stock_buffers/g_buf[0].mem_reg_0_31_0_5/RAMA/CLK
High Pulse Width  Slow    RAMD32/CLK          n/a            1.130         10.000      8.870      SLICE_X2Y35      u_core/u_stock_buffers/g_buf[0].mem_reg_0_31_0_5/RAMA_D1/CLK
High Pulse Width  Fast    RAMD32/CLK          n/a            1.130         10.000      8.870      SLICE_X2Y35      u_core/u_stock_buffers/g_buf[0].mem_reg_0_31_0_5/RAMA_D1/CLK
High Pulse Width  Slow    RAMD32/CLK          n/a            1.130         10.000      8.870      SLICE_X2Y35      u_core/u_stock_buffers/g_buf[0].mem_reg_0_31_0_5/RAMB/CLK
High Pulse Width  Fast    RAMD32/CLK          n/a            1.130         10.000      8.870      SLICE_X2Y35      u_core/u_stock_buffers/g_buf[0].mem_reg_0_31_0_5/RAMB/CLK
High Pulse Width  Slow    RAMD32/CLK          n/a            1.130         10.000      8.870      SLICE_X2Y35      u_core/u_stock_buffers/g_buf[0].mem_reg_0_31_0_5/RAMB_D1/CLK
High Pulse Width  Fast    RAMD32/CLK          n/a            1.130         10.000      8.870      SLICE_X2Y35      u_core/u_stock_buffers/g_buf[0].mem_reg_0_31_0_5/RAMB_D1/CLK
High Pulse Width  Slow    RAMD32/CLK          n/a            1.130         10.000      8.870      SLICE_X2Y35      u_core/u_stock_buffers/g_buf[0].mem_reg_0_31_0_5/RAMC/CLK
High Pulse Width  Fast    RAMD32/CLK          n/a            1.130         10.000      8.870      SLICE_X2Y35      u_core/u_stock_buffers/g_buf[0].mem_reg_0_31_0_5/RAMC/CLK



---------------------------------------------------------------------------------------------------
From Clock:  clk_fb
  To Clock:  clk_fb

Setup :           NA  Failing Endpoints,  Worst Slack           NA  ,  Total Violation           NA
Hold  :           NA  Failing Endpoints,  Worst Slack           NA  ,  Total Violation           NA
PW    :            0  Failing Endpoints,  Worst Slack        8.751ns,  Total Violation        0.000ns
---------------------------------------------------------------------------------------------------


Pulse Width Checks
--------------------------------------------------------------------------------------
Clock Name:         clk_fb
Waveform(ns):       { 0.000 5.000 }
Period(ns):         10.000
Sources:            { u_mmcm/CLKFBOUT }

Check Type  Corner  Lib Pin              Reference Pin  Required(ns)  Actual(ns)  Slack(ns)  Location         Pin
Min Period  n/a     MMCME2_ADV/CLKFBOUT  n/a            1.249         10.000      8.751      MMCME2_ADV_X0Y0  u_mmcm/CLKFBOUT
Min Period  n/a     MMCME2_ADV/CLKFBIN   n/a            1.249         10.000      8.751      MMCME2_ADV_X0Y0  u_mmcm/CLKFBIN
Max Period  n/a     MMCME2_ADV/CLKFBIN   n/a            100.000       10.000      90.000     MMCME2_ADV_X0Y0  u_mmcm/CLKFBIN
Max Period  n/a     MMCME2_ADV/CLKFBOUT  n/a            213.360       10.000      203.360    MMCME2_ADV_X0Y0  u_mmcm/CLKFBOUT



---------------------------------------------------------------------------------------------------
Path Group:  **async_default**
From Clock:  clk50_mmcm
  To Clock:  clk50_mmcm

Setup :            0  Failing Endpoints,  Worst Slack       12.385ns,  Total Violation        0.000ns
Hold  :            0  Failing Endpoints,  Worst Slack        0.882ns,  Total Violation        0.000ns
---------------------------------------------------------------------------------------------------


Max Delay Paths
--------------------------------------------------------------------------------------
Slack (MET) :             12.385ns  (required time - arrival time)
  Source:                 u_core/u_uart_protocol/cpu_hold_reg/C
                            (rising edge-triggered cell FDCE clocked by clk50_mmcm  {rise@0.000ns fall@10.000ns period=20.000ns})
  Destination:            u_core/u_var_store/vars_reg[13][13]/CLR
                            (recovery check against rising-edge clock clk50_mmcm  {rise@0.000ns fall@10.000ns period=20.000ns})
  Path Group:             **async_default**
  Path Type:              Recovery (Max at Slow Process Corner)
  Requirement:            20.000ns  (clk50_mmcm rise@20.000ns - clk50_mmcm rise@0.000ns)
  Data Path Delay:        6.929ns  (logic 0.506ns (7.303%)  route 6.423ns (92.697%))
  Logic Levels:           1  (LUT2=1)
  Clock Path Skew:        -0.110ns (DCD - SCD + CPR)
    Destination Clock Delay (DCD):    5.077ns = ( 25.077 - 20.000 ) 
    Source Clock Delay      (SCD):    5.455ns
    Clock Pessimism Removal (CPR):    0.268ns
  Clock Uncertainty:      0.082ns  ((TSJ^2 + DJ^2)^1/2) / 2 + PE
    Total System Jitter     (TSJ):    0.071ns
    Discrete Jitter          (DJ):    0.147ns
    Phase Error              (PE):    0.000ns

    Location             Delay type                Incr(ns)  Path(ns)    Netlist Resource(s)
  -------------------------------------------------------------------    -------------------
                         (clock clk50_mmcm rise edge)
                                                      0.000     0.000 r  <hidden>
    N15                                               0.000     0.000 r  CLK_100MHZ
                         net (fo=0)                   0.000     0.000    CLK_100MHZ
    N15                  IBUF (Prop_ibuf_I_O)         1.371     1.371 r  CLK_100MHZ_IBUF_inst/O
                         net (fo=1, routed)           1.065     2.436    CLK_100MHZ_IBUF
    MMCME2_ADV_X0Y0      MMCME2_ADV (Prop_mmcme2_adv_CLKIN1_CLKOUT0)
                                                      0.077     2.513 r  u_mmcm/CLKOUT0
                         net (fo=1, routed)           1.425     3.938    clk50_mmcm
    BUFGCTRL_X0Y0        BUFG (Prop_bufg_I_O)         0.081     4.019 r  u_bufg_clk50/O
                         net (fo=1244, routed)        1.436     5.455    u_core/u_uart_protocol/clk50
    SLICE_X1Y37          FDCE                                         r  u_core/u_uart_protocol/cpu_hold_reg/C
  -------------------------------------------------------------------    -------------------
    SLICE_X1Y37          FDCE (Prop_fdce_C_Q)         0.379     5.834 f  u_core/u_uart_protocol/cpu_hold_reg/Q
                         net (fo=5, routed)           1.489     7.323    u_core/u_uart_protocol/cpu_hold_reg_0
    SLICE_X3Y15          LUT2 (Prop_lut2_I0_O)        0.127     7.450 f  u_core/u_uart_protocol/registers[0][31]_i_3/O
                         net (fo=802, routed)         4.934    12.384    u_core/u_var_store/vars_reg[14][15]_0
    SLICE_X11Y10         FDCE                                         f  u_core/u_var_store/vars_reg[13][13]/CLR
  -------------------------------------------------------------------    -------------------

                         (clock clk50_mmcm rise edge)
                                                     20.000    20.000 r  <hidden>
    N15                                               0.000    20.000 r  CLK_100MHZ
                         net (fo=0)                   0.000    20.000    CLK_100MHZ
    N15                  IBUF (Prop_ibuf_I_O)         1.306    21.306 r  CLK_100MHZ_IBUF_inst/O
                         net (fo=1, routed)           1.004    22.309    CLK_100MHZ_IBUF
    MMCME2_ADV_X0Y0      MMCME2_ADV (Prop_mmcme2_adv_CLKIN1_CLKOUT0)
                                                      0.073    22.382 r  u_mmcm/CLKOUT0
                         net (fo=1, routed)           1.357    23.740    clk50_mmcm
    BUFGCTRL_X0Y0        BUFG (Prop_bufg_I_O)         0.077    23.817 r  u_bufg_clk50/O
                         net (fo=1244, routed)        1.260    25.077    u_core/u_var_store/clk50
    SLICE_X11Y10         FDCE                                         r  u_core/u_var_store/vars_reg[13][13]/C
                         clock pessimism              0.268    25.345    <hidden>
                         clock uncertainty           -0.082    25.263    <hidden>
    SLICE_X11Y10         FDCE (Recov_fdce_C_CLR)     -0.494    24.769    u_core/u_var_store/vars_reg[13][13]
  -------------------------------------------------------------------
                         required time                         24.769    <hidden>
                         arrival time                         -12.384    <hidden>
  -------------------------------------------------------------------
                         slack                                 12.385    <hidden>

Slack (MET) :             12.385ns  (required time - arrival time)
  Source:                 u_core/u_uart_protocol/cpu_hold_reg/C
                            (rising edge-triggered cell FDCE clocked by clk50_mmcm  {rise@0.000ns fall@10.000ns period=20.000ns})
  Destination:            u_core/u_var_store/vars_reg[13][1]/CLR
                            (recovery check against rising-edge clock clk50_mmcm  {rise@0.000ns fall@10.000ns period=20.000ns})
  Path Group:             **async_default**
  Path Type:              Recovery (Max at Slow Process Corner)
  Requirement:            20.000ns  (clk50_mmcm rise@20.000ns - clk50_mmcm rise@0.000ns)
  Data Path Delay:        6.929ns  (logic 0.506ns (7.303%)  route 6.423ns (92.697%))
  Logic Levels:           1  (LUT2=1)
  Clock Path Skew:        -0.110ns (DCD - SCD + CPR)
    Destination Clock Delay (DCD):    5.077ns = ( 25.077 - 20.000 ) 
    Source Clock Delay      (SCD):    5.455ns
    Clock Pessimism Removal (CPR):    0.268ns
  Clock Uncertainty:      0.082ns  ((TSJ^2 + DJ^2)^1/2) / 2 + PE
    Total System Jitter     (TSJ):    0.071ns
    Discrete Jitter          (DJ):    0.147ns
    Phase Error              (PE):    0.000ns

    Location             Delay type                Incr(ns)  Path(ns)    Netlist Resource(s)
  -------------------------------------------------------------------    -------------------
                         (clock clk50_mmcm rise edge)
                                                      0.000     0.000 r  <hidden>
    N15                                               0.000     0.000 r  CLK_100MHZ
                         net (fo=0)                   0.000     0.000    CLK_100MHZ
    N15                  IBUF (Prop_ibuf_I_O)         1.371     1.371 r  CLK_100MHZ_IBUF_inst/O
                         net (fo=1, routed)           1.065     2.436    CLK_100MHZ_IBUF
    MMCME2_ADV_X0Y0      MMCME2_ADV (Prop_mmcme2_adv_CLKIN1_CLKOUT0)
                                                      0.077     2.513 r  u_mmcm/CLKOUT0
                         net (fo=1, routed)           1.425     3.938    clk50_mmcm
    BUFGCTRL_X0Y0        BUFG (Prop_bufg_I_O)         0.081     4.019 r  u_bufg_clk50/O
                         net (fo=1244, routed)        1.436     5.455    u_core/u_uart_protocol/clk50
    SLICE_X1Y37          FDCE                                         r  u_core/u_uart_protocol/cpu_hold_reg/C
  -------------------------------------------------------------------    -------------------
    SLICE_X1Y37          FDCE (Prop_fdce_C_Q)         0.379     5.834 f  u_core/u_uart_protocol/cpu_hold_reg/Q
                         net (fo=5, routed)           1.489     7.323    u_core/u_uart_protocol/cpu_hold_reg_0
    SLICE_X3Y15          LUT2 (Prop_lut2_I0_O)        0.127     7.450 f  u_core/u_uart_protocol/registers[0][31]_i_3/O
                         net (fo=802, routed)         4.934    12.384    u_core/u_var_store/vars_reg[14][15]_0
    SLICE_X11Y10         FDCE                                         f  u_core/u_var_store/vars_reg[13][1]/CLR
  -------------------------------------------------------------------    -------------------

                         (clock clk50_mmcm rise edge)
                                                     20.000    20.000 r  <hidden>
    N15                                               0.000    20.000 r  CLK_100MHZ
                         net (fo=0)                   0.000    20.000    CLK_100MHZ
    N15                  IBUF (Prop_ibuf_I_O)         1.306    21.306 r  CLK_100MHZ_IBUF_inst/O
                         net (fo=1, routed)           1.004    22.309    CLK_100MHZ_IBUF
    MMCME2_ADV_X0Y0      MMCME2_ADV (Prop_mmcme2_adv_CLKIN1_CLKOUT0)
                                                      0.073    22.382 r  u_mmcm/CLKOUT0
                         net (fo=1, routed)           1.357    23.740    clk50_mmcm
    BUFGCTRL_X0Y0        BUFG (Prop_bufg_I_O)         0.077    23.817 r  u_bufg_clk50/O
                         net (fo=1244, routed)        1.260    25.077    u_core/u_var_store/clk50
    SLICE_X11Y10         FDCE                                         r  u_core/u_var_store/vars_reg[13][1]/C
                         clock pessimism              0.268    25.345    <hidden>
                         clock uncertainty           -0.082    25.263    <hidden>
    SLICE_X11Y10         FDCE (Recov_fdce_C_CLR)     -0.494    24.769    u_core/u_var_store/vars_reg[13][1]
  -------------------------------------------------------------------
                         required time                         24.769    <hidden>
                         arrival time                         -12.384    <hidden>
  -------------------------------------------------------------------
                         slack                                 12.385    <hidden>

Slack (MET) :             12.385ns  (required time - arrival time)
  Source:                 u_core/u_uart_protocol/cpu_hold_reg/C
                            (rising edge-triggered cell FDCE clocked by clk50_mmcm  {rise@0.000ns fall@10.000ns period=20.000ns})
  Destination:            u_core/u_var_store/vars_reg[13][6]/CLR
                            (recovery check against rising-edge clock clk50_mmcm  {rise@0.000ns fall@10.000ns period=20.000ns})
  Path Group:             **async_default**
  Path Type:              Recovery (Max at Slow Process Corner)
  Requirement:            20.000ns  (clk50_mmcm rise@20.000ns - clk50_mmcm rise@0.000ns)
  Data Path Delay:        6.929ns  (logic 0.506ns (7.303%)  route 6.423ns (92.697%))
  Logic Levels:           1  (LUT2=1)
  Clock Path Skew:        -0.110ns (DCD - SCD + CPR)
    Destination Clock Delay (DCD):    5.077ns = ( 25.077 - 20.000 ) 
    Source Clock Delay      (SCD):    5.455ns
    Clock Pessimism Removal (CPR):    0.268ns
  Clock Uncertainty:      0.082ns  ((TSJ^2 + DJ^2)^1/2) / 2 + PE
    Total System Jitter     (TSJ):    0.071ns
    Discrete Jitter          (DJ):    0.147ns
    Phase Error              (PE):    0.000ns

    Location             Delay type                Incr(ns)  Path(ns)    Netlist Resource(s)
  -------------------------------------------------------------------    -------------------
                         (clock clk50_mmcm rise edge)
                                                      0.000     0.000 r  <hidden>
    N15                                               0.000     0.000 r  CLK_100MHZ
                         net (fo=0)                   0.000     0.000    CLK_100MHZ
    N15                  IBUF (Prop_ibuf_I_O)         1.371     1.371 r  CLK_100MHZ_IBUF_inst/O
                         net (fo=1, routed)           1.065     2.436    CLK_100MHZ_IBUF
    MMCME2_ADV_X0Y0      MMCME2_ADV (Prop_mmcme2_adv_CLKIN1_CLKOUT0)
                                                      0.077     2.513 r  u_mmcm/CLKOUT0
                         net (fo=1, routed)           1.425     3.938    clk50_mmcm
    BUFGCTRL_X0Y0        BUFG (Prop_bufg_I_O)         0.081     4.019 r  u_bufg_clk50/O
                         net (fo=1244, routed)        1.436     5.455    u_core/u_uart_protocol/clk50
    SLICE_X1Y37          FDCE                                         r  u_core/u_uart_protocol/cpu_hold_reg/C
  -------------------------------------------------------------------    -------------------
    SLICE_X1Y37          FDCE (Prop_fdce_C_Q)         0.379     5.834 f  u_core/u_uart_protocol/cpu_hold_reg/Q
                         net (fo=5, routed)           1.489     7.323    u_core/u_uart_protocol/cpu_hold_reg_0
    SLICE_X3Y15          LUT2 (Prop_lut2_I0_O)        0.127     7.450 f  u_core/u_uart_protocol/registers[0][31]_i_3/O
                         net (fo=802, routed)         4.934    12.384    u_core/u_var_store/vars_reg[14][15]_0
    SLICE_X11Y10         FDCE                                         f  u_core/u_var_store/vars_reg[13][6]/CLR
  -------------------------------------------------------------------    -------------------

                         (clock clk50_mmcm rise edge)
                                                     20.000    20.000 r  <hidden>
    N15                                               0.000    20.000 r  CLK_100MHZ
                         net (fo=0)                   0.000    20.000    CLK_100MHZ
    N15                  IBUF (Prop_ibuf_I_O)         1.306    21.306 r  CLK_100MHZ_IBUF_inst/O
                         net (fo=1, routed)           1.004    22.309    CLK_100MHZ_IBUF
    MMCME2_ADV_X0Y0      MMCME2_ADV (Prop_mmcme2_adv_CLKIN1_CLKOUT0)
                                                      0.073    22.382 r  u_mmcm/CLKOUT0
                         net (fo=1, routed)           1.357    23.740    clk50_mmcm
    BUFGCTRL_X0Y0        BUFG (Prop_bufg_I_O)         0.077    23.817 r  u_bufg_clk50/O
                         net (fo=1244, routed)        1.260    25.077    u_core/u_var_store/clk50
    SLICE_X11Y10         FDCE                                         r  u_core/u_var_store/vars_reg[13][6]/C
                         clock pessimism              0.268    25.345    <hidden>
                         clock uncertainty           -0.082    25.263    <hidden>
    SLICE_X11Y10         FDCE (Recov_fdce_C_CLR)     -0.494    24.769    u_core/u_var_store/vars_reg[13][6]
  -------------------------------------------------------------------
                         required time                         24.769    <hidden>
                         arrival time                         -12.384    <hidden>
  -------------------------------------------------------------------
                         slack                                 12.385    <hidden>

Slack (MET) :             12.385ns  (required time - arrival time)
  Source:                 u_core/u_uart_protocol/cpu_hold_reg/C
                            (rising edge-triggered cell FDCE clocked by clk50_mmcm  {rise@0.000ns fall@10.000ns period=20.000ns})
  Destination:            u_core/u_var_store/vars_reg[13][8]/CLR
                            (recovery check against rising-edge clock clk50_mmcm  {rise@0.000ns fall@10.000ns period=20.000ns})
  Path Group:             **async_default**
  Path Type:              Recovery (Max at Slow Process Corner)
  Requirement:            20.000ns  (clk50_mmcm rise@20.000ns - clk50_mmcm rise@0.000ns)
  Data Path Delay:        6.929ns  (logic 0.506ns (7.303%)  route 6.423ns (92.697%))
  Logic Levels:           1  (LUT2=1)
  Clock Path Skew:        -0.110ns (DCD - SCD + CPR)
    Destination Clock Delay (DCD):    5.077ns = ( 25.077 - 20.000 ) 
    Source Clock Delay      (SCD):    5.455ns
    Clock Pessimism Removal (CPR):    0.268ns
  Clock Uncertainty:      0.082ns  ((TSJ^2 + DJ^2)^1/2) / 2 + PE
    Total System Jitter     (TSJ):    0.071ns
    Discrete Jitter          (DJ):    0.147ns
    Phase Error              (PE):    0.000ns

    Location             Delay type                Incr(ns)  Path(ns)    Netlist Resource(s)
  -------------------------------------------------------------------    -------------------
                         (clock clk50_mmcm rise edge)
                                                      0.000     0.000 r  <hidden>
    N15                                               0.000     0.000 r  CLK_100MHZ
                         net (fo=0)                   0.000     0.000    CLK_100MHZ
    N15                  IBUF (Prop_ibuf_I_O)         1.371     1.371 r  CLK_100MHZ_IBUF_inst/O
                         net (fo=1, routed)           1.065     2.436    CLK_100MHZ_IBUF
    MMCME2_ADV_X0Y0      MMCME2_ADV (Prop_mmcme2_adv_CLKIN1_CLKOUT0)
                                                      0.077     2.513 r  u_mmcm/CLKOUT0
                         net (fo=1, routed)           1.425     3.938    clk50_mmcm
    BUFGCTRL_X0Y0        BUFG (Prop_bufg_I_O)         0.081     4.019 r  u_bufg_clk50/O
                         net (fo=1244, routed)        1.436     5.455    u_core/u_uart_protocol/clk50
    SLICE_X1Y37          FDCE                                         r  u_core/u_uart_protocol/cpu_hold_reg/C
  -------------------------------------------------------------------    -------------------
    SLICE_X1Y37          FDCE (Prop_fdce_C_Q)         0.379     5.834 f  u_core/u_uart_protocol/cpu_hold_reg/Q
                         net (fo=5, routed)           1.489     7.323    u_core/u_uart_protocol/cpu_hold_reg_0
    SLICE_X3Y15          LUT2 (Prop_lut2_I0_O)        0.127     7.450 f  u_core/u_uart_protocol/registers[0][31]_i_3/O
                         net (fo=802, routed)         4.934    12.384    u_core/u_var_store/vars_reg[14][15]_0
    SLICE_X11Y10         FDCE                                         f  u_core/u_var_store/vars_reg[13][8]/CLR
  -------------------------------------------------------------------    -------------------

                         (clock clk50_mmcm rise edge)
                                                     20.000    20.000 r  <hidden>
    N15                                               0.000    20.000 r  CLK_100MHZ
                         net (fo=0)                   0.000    20.000    CLK_100MHZ
    N15                  IBUF (Prop_ibuf_I_O)         1.306    21.306 r  CLK_100MHZ_IBUF_inst/O
                         net (fo=1, routed)           1.004    22.309    CLK_100MHZ_IBUF
    MMCME2_ADV_X0Y0      MMCME2_ADV (Prop_mmcme2_adv_CLKIN1_CLKOUT0)
                                                      0.073    22.382 r  u_mmcm/CLKOUT0
                         net (fo=1, routed)           1.357    23.740    clk50_mmcm
    BUFGCTRL_X0Y0        BUFG (Prop_bufg_I_O)         0.077    23.817 r  u_bufg_clk50/O
                         net (fo=1244, routed)        1.260    25.077    u_core/u_var_store/clk50
    SLICE_X11Y10         FDCE                                         r  u_core/u_var_store/vars_reg[13][8]/C
                         clock pessimism              0.268    25.345    <hidden>
                         clock uncertainty           -0.082    25.263    <hidden>
    SLICE_X11Y10         FDCE (Recov_fdce_C_CLR)     -0.494    24.769    u_core/u_var_store/vars_reg[13][8]
  -------------------------------------------------------------------
                         required time                         24.769    <hidden>
                         arrival time                         -12.384    <hidden>
  -------------------------------------------------------------------
                         slack                                 12.385    <hidden>

Slack (MET) :             12.411ns  (required time - arrival time)
  Source:                 u_core/u_uart_protocol/cpu_hold_reg/C
                            (rising edge-triggered cell FDCE clocked by clk50_mmcm  {rise@0.000ns fall@10.000ns period=20.000ns})
  Destination:            u_core/u_var_store/vars_reg[6][0]/CLR
                            (recovery check against rising-edge clock clk50_mmcm  {rise@0.000ns fall@10.000ns period=20.000ns})
  Path Group:             **async_default**
  Path Type:              Recovery (Max at Slow Process Corner)
  Requirement:            20.000ns  (clk50_mmcm rise@20.000ns - clk50_mmcm rise@0.000ns)
  Data Path Delay:        6.904ns  (logic 0.506ns (7.329%)  route 6.398ns (92.671%))
  Logic Levels:           1  (LUT2=1)
  Clock Path Skew:        -0.109ns (DCD - SCD + CPR)
    Destination Clock Delay (DCD):    5.078ns = ( 25.078 - 20.000 ) 
    Source Clock Delay      (SCD):    5.455ns
    Clock Pessimism Removal (CPR):    0.268ns
  Clock Uncertainty:      0.082ns  ((TSJ^2 + DJ^2)^1/2) / 2 + PE
    Total System Jitter     (TSJ):    0.071ns
    Discrete Jitter          (DJ):    0.147ns
    Phase Error              (PE):    0.000ns

    Location             Delay type                Incr(ns)  Path(ns)    Netlist Resource(s)
  -------------------------------------------------------------------    -------------------
                         (clock clk50_mmcm rise edge)
                                                      0.000     0.000 r  <hidden>
    N15                                               0.000     0.000 r  CLK_100MHZ
                         net (fo=0)                   0.000     0.000    CLK_100MHZ
    N15                  IBUF (Prop_ibuf_I_O)         1.371     1.371 r  CLK_100MHZ_IBUF_inst/O
                         net (fo=1, routed)           1.065     2.436    CLK_100MHZ_IBUF
    MMCME2_ADV_X0Y0      MMCME2_ADV (Prop_mmcme2_adv_CLKIN1_CLKOUT0)
                                                      0.077     2.513 r  u_mmcm/CLKOUT0
                         net (fo=1, routed)           1.425     3.938    clk50_mmcm
    BUFGCTRL_X0Y0        BUFG (Prop_bufg_I_O)         0.081     4.019 r  u_bufg_clk50/O
                         net (fo=1244, routed)        1.436     5.455    u_core/u_uart_protocol/clk50
    SLICE_X1Y37          FDCE                                         r  u_core/u_uart_protocol/cpu_hold_reg/C
  -------------------------------------------------------------------    -------------------
    SLICE_X1Y37          FDCE (Prop_fdce_C_Q)         0.379     5.834 f  u_core/u_uart_protocol/cpu_hold_reg/Q
                         net (fo=5, routed)           1.489     7.323    u_core/u_uart_protocol/cpu_hold_reg_0
    SLICE_X3Y15          LUT2 (Prop_lut2_I0_O)        0.127     7.450 f  u_core/u_uart_protocol/registers[0][31]_i_3/O
                         net (fo=802, routed)         4.909    12.359    u_core/u_var_store/vars_reg[14][15]_0
    SLICE_X15Y9          FDCE                                         f  u_core/u_var_store/vars_reg[6][0]/CLR
  -------------------------------------------------------------------    -------------------

                         (clock clk50_mmcm rise edge)
                                                     20.000    20.000 r  <hidden>
    N15                                               0.000    20.000 r  CLK_100MHZ
                         net (fo=0)                   0.000    20.000    CLK_100MHZ
    N15                  IBUF (Prop_ibuf_I_O)         1.306    21.306 r  CLK_100MHZ_IBUF_inst/O
                         net (fo=1, routed)           1.004    22.309    CLK_100MHZ_IBUF
    MMCME2_ADV_X0Y0      MMCME2_ADV (Prop_mmcme2_adv_CLKIN1_CLKOUT0)
                                                      0.073    22.382 r  u_mmcm/CLKOUT0
                         net (fo=1, routed)           1.357    23.740    clk50_mmcm
    BUFGCTRL_X0Y0        BUFG (Prop_bufg_I_O)         0.077    23.817 r  u_bufg_clk50/O
                         net (fo=1244, routed)        1.261    25.078    u_core/u_var_store/clk50
    SLICE_X15Y9          FDCE                                         r  u_core/u_var_store/vars_reg[6][0]/C
                         clock pessimism              0.268    25.346    <hidden>
                         clock uncertainty           -0.082    25.264    <hidden>
    SLICE_X15Y9          FDCE (Recov_fdce_C_CLR)     -0.494    24.770    u_core/u_var_store/vars_reg[6][0]
  -------------------------------------------------------------------
                         required time                         24.770    <hidden>
                         arrival time                         -12.359    <hidden>
  -------------------------------------------------------------------
                         slack                                 12.411    <hidden>

Slack (MET) :             12.411ns  (required time - arrival time)
  Source:                 u_core/u_uart_protocol/cpu_hold_reg/C
                            (rising edge-triggered cell FDCE clocked by clk50_mmcm  {rise@0.000ns fall@10.000ns period=20.000ns})
  Destination:            u_core/u_var_store/vars_reg[6][10]/CLR
                            (recovery check against rising-edge clock clk50_mmcm  {rise@0.000ns fall@10.000ns period=20.000ns})
  Path Group:             **async_default**
  Path Type:              Recovery (Max at Slow Process Corner)
  Requirement:            20.000ns  (clk50_mmcm rise@20.000ns - clk50_mmcm rise@0.000ns)
  Data Path Delay:        6.904ns  (logic 0.506ns (7.329%)  route 6.398ns (92.671%))
  Logic Levels:           1  (LUT2=1)
  Clock Path Skew:        -0.109ns (DCD - SCD + CPR)
    Destination Clock Delay (DCD):    5.078ns = ( 25.078 - 20.000 ) 
    Source Clock Delay      (SCD):    5.455ns
    Clock Pessimism Removal (CPR):    0.268ns
  Clock Uncertainty:      0.082ns  ((TSJ^2 + DJ^2)^1/2) / 2 + PE
    Total System Jitter     (TSJ):    0.071ns
    Discrete Jitter          (DJ):    0.147ns
    Phase Error              (PE):    0.000ns

    Location             Delay type                Incr(ns)  Path(ns)    Netlist Resource(s)
  -------------------------------------------------------------------    -------------------
                         (clock clk50_mmcm rise edge)
                                                      0.000     0.000 r  <hidden>
    N15                                               0.000     0.000 r  CLK_100MHZ
                         net (fo=0)                   0.000     0.000    CLK_100MHZ
    N15                  IBUF (Prop_ibuf_I_O)         1.371     1.371 r  CLK_100MHZ_IBUF_inst/O
                         net (fo=1, routed)           1.065     2.436    CLK_100MHZ_IBUF
    MMCME2_ADV_X0Y0      MMCME2_ADV (Prop_mmcme2_adv_CLKIN1_CLKOUT0)
                                                      0.077     2.513 r  u_mmcm/CLKOUT0
                         net (fo=1, routed)           1.425     3.938    clk50_mmcm
    BUFGCTRL_X0Y0        BUFG (Prop_bufg_I_O)         0.081     4.019 r  u_bufg_clk50/O
                         net (fo=1244, routed)        1.436     5.455    u_core/u_uart_protocol/clk50
    SLICE_X1Y37          FDCE                                         r  u_core/u_uart_protocol/cpu_hold_reg/C
  -------------------------------------------------------------------    -------------------
    SLICE_X1Y37          FDCE (Prop_fdce_C_Q)         0.379     5.834 f  u_core/u_uart_protocol/cpu_hold_reg/Q
                         net (fo=5, routed)           1.489     7.323    u_core/u_uart_protocol/cpu_hold_reg_0
    SLICE_X3Y15          LUT2 (Prop_lut2_I0_O)        0.127     7.450 f  u_core/u_uart_protocol/registers[0][31]_i_3/O
                         net (fo=802, routed)         4.909    12.359    u_core/u_var_store/vars_reg[14][15]_0
    SLICE_X15Y9          FDCE                                         f  u_core/u_var_store/vars_reg[6][10]/CLR
  -------------------------------------------------------------------    -------------------

                         (clock clk50_mmcm rise edge)
                                                     20.000    20.000 r  <hidden>
    N15                                               0.000    20.000 r  CLK_100MHZ
                         net (fo=0)                   0.000    20.000    CLK_100MHZ
    N15                  IBUF (Prop_ibuf_I_O)         1.306    21.306 r  CLK_100MHZ_IBUF_inst/O
                         net (fo=1, routed)           1.004    22.309    CLK_100MHZ_IBUF
    MMCME2_ADV_X0Y0      MMCME2_ADV (Prop_mmcme2_adv_CLKIN1_CLKOUT0)
                                                      0.073    22.382 r  u_mmcm/CLKOUT0
                         net (fo=1, routed)           1.357    23.740    clk50_mmcm
    BUFGCTRL_X0Y0        BUFG (Prop_bufg_I_O)         0.077    23.817 r  u_bufg_clk50/O
                         net (fo=1244, routed)        1.261    25.078    u_core/u_var_store/clk50
    SLICE_X15Y9          FDCE                                         r  u_core/u_var_store/vars_reg[6][10]/C
                         clock pessimism              0.268    25.346    <hidden>
                         clock uncertainty           -0.082    25.264    <hidden>
    SLICE_X15Y9          FDCE (Recov_fdce_C_CLR)     -0.494    24.770    u_core/u_var_store/vars_reg[6][10]
  -------------------------------------------------------------------
                         required time                         24.770    <hidden>
                         arrival time                         -12.359    <hidden>
  -------------------------------------------------------------------
                         slack                                 12.411    <hidden>

Slack (MET) :             12.411ns  (required time - arrival time)
  Source:                 u_core/u_uart_protocol/cpu_hold_reg/C
                            (rising edge-triggered cell FDCE clocked by clk50_mmcm  {rise@0.000ns fall@10.000ns period=20.000ns})
  Destination:            u_core/u_var_store/vars_reg[6][1]/CLR
                            (recovery check against rising-edge clock clk50_mmcm  {rise@0.000ns fall@10.000ns period=20.000ns})
  Path Group:             **async_default**
  Path Type:              Recovery (Max at Slow Process Corner)
  Requirement:            20.000ns  (clk50_mmcm rise@20.000ns - clk50_mmcm rise@0.000ns)
  Data Path Delay:        6.904ns  (logic 0.506ns (7.329%)  route 6.398ns (92.671%))
  Logic Levels:           1  (LUT2=1)
  Clock Path Skew:        -0.109ns (DCD - SCD + CPR)
    Destination Clock Delay (DCD):    5.078ns = ( 25.078 - 20.000 ) 
    Source Clock Delay      (SCD):    5.455ns
    Clock Pessimism Removal (CPR):    0.268ns
  Clock Uncertainty:      0.082ns  ((TSJ^2 + DJ^2)^1/2) / 2 + PE
    Total System Jitter     (TSJ):    0.071ns
    Discrete Jitter          (DJ):    0.147ns
    Phase Error              (PE):    0.000ns

    Location             Delay type                Incr(ns)  Path(ns)    Netlist Resource(s)
  -------------------------------------------------------------------    -------------------
                         (clock clk50_mmcm rise edge)
                                                      0.000     0.000 r  <hidden>
    N15                                               0.000     0.000 r  CLK_100MHZ
                         net (fo=0)                   0.000     0.000    CLK_100MHZ
    N15                  IBUF (Prop_ibuf_I_O)         1.371     1.371 r  CLK_100MHZ_IBUF_inst/O
                         net (fo=1, routed)           1.065     2.436    CLK_100MHZ_IBUF
    MMCME2_ADV_X0Y0      MMCME2_ADV (Prop_mmcme2_adv_CLKIN1_CLKOUT0)
                                                      0.077     2.513 r  u_mmcm/CLKOUT0
                         net (fo=1, routed)           1.425     3.938    clk50_mmcm
    BUFGCTRL_X0Y0        BUFG (Prop_bufg_I_O)         0.081     4.019 r  u_bufg_clk50/O
                         net (fo=1244, routed)        1.436     5.455    u_core/u_uart_protocol/clk50
    SLICE_X1Y37          FDCE                                         r  u_core/u_uart_protocol/cpu_hold_reg/C
  -------------------------------------------------------------------    -------------------
    SLICE_X1Y37          FDCE (Prop_fdce_C_Q)         0.379     5.834 f  u_core/u_uart_protocol/cpu_hold_reg/Q
                         net (fo=5, routed)           1.489     7.323    u_core/u_uart_protocol/cpu_hold_reg_0
    SLICE_X3Y15          LUT2 (Prop_lut2_I0_O)        0.127     7.450 f  u_core/u_uart_protocol/registers[0][31]_i_3/O
                         net (fo=802, routed)         4.909    12.359    u_core/u_var_store/vars_reg[14][15]_0
    SLICE_X15Y9          FDCE                                         f  u_core/u_var_store/vars_reg[6][1]/CLR
  -------------------------------------------------------------------    -------------------

                         (clock clk50_mmcm rise edge)
                                                     20.000    20.000 r  <hidden>
    N15                                               0.000    20.000 r  CLK_100MHZ
                         net (fo=0)                   0.000    20.000    CLK_100MHZ
    N15                  IBUF (Prop_ibuf_I_O)         1.306    21.306 r  CLK_100MHZ_IBUF_inst/O
                         net (fo=1, routed)           1.004    22.309    CLK_100MHZ_IBUF
    MMCME2_ADV_X0Y0      MMCME2_ADV (Prop_mmcme2_adv_CLKIN1_CLKOUT0)
                                                      0.073    22.382 r  u_mmcm/CLKOUT0
                         net (fo=1, routed)           1.357    23.740    clk50_mmcm
    BUFGCTRL_X0Y0        BUFG (Prop_bufg_I_O)         0.077    23.817 r  u_bufg_clk50/O
                         net (fo=1244, routed)        1.261    25.078    u_core/u_var_store/clk50
    SLICE_X15Y9          FDCE                                         r  u_core/u_var_store/vars_reg[6][1]/C
                         clock pessimism              0.268    25.346    <hidden>
                         clock uncertainty           -0.082    25.264    <hidden>
    SLICE_X15Y9          FDCE (Recov_fdce_C_CLR)     -0.494    24.770    u_core/u_var_store/vars_reg[6][1]
  -------------------------------------------------------------------
                         required time                         24.770    <hidden>
                         arrival time                         -12.359    <hidden>
  -------------------------------------------------------------------
                         slack                                 12.411    <hidden>

Slack (MET) :             12.411ns  (required time - arrival time)
  Source:                 u_core/u_uart_protocol/cpu_hold_reg/C
                            (rising edge-triggered cell FDCE clocked by clk50_mmcm  {rise@0.000ns fall@10.000ns period=20.000ns})
  Destination:            u_core/u_var_store/vars_reg[6][3]/CLR
                            (recovery check against rising-edge clock clk50_mmcm  {rise@0.000ns fall@10.000ns period=20.000ns})
  Path Group:             **async_default**
  Path Type:              Recovery (Max at Slow Process Corner)
  Requirement:            20.000ns  (clk50_mmcm rise@20.000ns - clk50_mmcm rise@0.000ns)
  Data Path Delay:        6.904ns  (logic 0.506ns (7.329%)  route 6.398ns (92.671%))
  Logic Levels:           1  (LUT2=1)
  Clock Path Skew:        -0.109ns (DCD - SCD + CPR)
    Destination Clock Delay (DCD):    5.078ns = ( 25.078 - 20.000 ) 
    Source Clock Delay      (SCD):    5.455ns
    Clock Pessimism Removal (CPR):    0.268ns
  Clock Uncertainty:      0.082ns  ((TSJ^2 + DJ^2)^1/2) / 2 + PE
    Total System Jitter     (TSJ):    0.071ns
    Discrete Jitter          (DJ):    0.147ns
    Phase Error              (PE):    0.000ns

    Location             Delay type                Incr(ns)  Path(ns)    Netlist Resource(s)
  -------------------------------------------------------------------    -------------------
                         (clock clk50_mmcm rise edge)
                                                      0.000     0.000 r  <hidden>
    N15                                               0.000     0.000 r  CLK_100MHZ
                         net (fo=0)                   0.000     0.000    CLK_100MHZ
    N15                  IBUF (Prop_ibuf_I_O)         1.371     1.371 r  CLK_100MHZ_IBUF_inst/O
                         net (fo=1, routed)           1.065     2.436    CLK_100MHZ_IBUF
    MMCME2_ADV_X0Y0      MMCME2_ADV (Prop_mmcme2_adv_CLKIN1_CLKOUT0)
                                                      0.077     2.513 r  u_mmcm/CLKOUT0
                         net (fo=1, routed)           1.425     3.938    clk50_mmcm
    BUFGCTRL_X0Y0        BUFG (Prop_bufg_I_O)         0.081     4.019 r  u_bufg_clk50/O
                         net (fo=1244, routed)        1.436     5.455    u_core/u_uart_protocol/clk50
    SLICE_X1Y37          FDCE                                         r  u_core/u_uart_protocol/cpu_hold_reg/C
  -------------------------------------------------------------------    -------------------
    SLICE_X1Y37          FDCE (Prop_fdce_C_Q)         0.379     5.834 f  u_core/u_uart_protocol/cpu_hold_reg/Q
                         net (fo=5, routed)           1.489     7.323    u_core/u_uart_protocol/cpu_hold_reg_0
    SLICE_X3Y15          LUT2 (Prop_lut2_I0_O)        0.127     7.450 f  u_core/u_uart_protocol/registers[0][31]_i_3/O
                         net (fo=802, routed)         4.909    12.359    u_core/u_var_store/vars_reg[14][15]_0
    SLICE_X15Y9          FDCE                                         f  u_core/u_var_store/vars_reg[6][3]/CLR
  -------------------------------------------------------------------    -------------------

                         (clock clk50_mmcm rise edge)
                                                     20.000    20.000 r  <hidden>
    N15                                               0.000    20.000 r  CLK_100MHZ
                         net (fo=0)                   0.000    20.000    CLK_100MHZ
    N15                  IBUF (Prop_ibuf_I_O)         1.306    21.306 r  CLK_100MHZ_IBUF_inst/O
                         net (fo=1, routed)           1.004    22.309    CLK_100MHZ_IBUF
    MMCME2_ADV_X0Y0      MMCME2_ADV (Prop_mmcme2_adv_CLKIN1_CLKOUT0)
                                                      0.073    22.382 r  u_mmcm/CLKOUT0
                         net (fo=1, routed)           1.357    23.740    clk50_mmcm
    BUFGCTRL_X0Y0        BUFG (Prop_bufg_I_O)         0.077    23.817 r  u_bufg_clk50/O
                         net (fo=1244, routed)        1.261    25.078    u_core/u_var_store/clk50
    SLICE_X15Y9          FDCE                                         r  u_core/u_var_store/vars_reg[6][3]/C
                         clock pessimism              0.268    25.346    <hidden>
                         clock uncertainty           -0.082    25.264    <hidden>
    SLICE_X15Y9          FDCE (Recov_fdce_C_CLR)     -0.494    24.770    u_core/u_var_store/vars_reg[6][3]
  -------------------------------------------------------------------
                         required time                         24.770    <hidden>
                         arrival time                         -12.359    <hidden>
  -------------------------------------------------------------------
                         slack                                 12.411    <hidden>

Slack (MET) :             12.424ns  (required time - arrival time)
  Source:                 u_core/u_uart_protocol/cpu_hold_reg/C
                            (rising edge-triggered cell FDCE clocked by clk50_mmcm  {rise@0.000ns fall@10.000ns period=20.000ns})
  Destination:            u_core/u_var_store/vars_reg[12][8]/CLR
                            (recovery check against rising-edge clock clk50_mmcm  {rise@0.000ns fall@10.000ns period=20.000ns})
  Path Group:             **async_default**
  Path Type:              Recovery (Max at Slow Process Corner)
  Requirement:            20.000ns  (clk50_mmcm rise@20.000ns - clk50_mmcm rise@0.000ns)
  Data Path Delay:        6.929ns  (logic 0.506ns (7.303%)  route 6.423ns (92.697%))
  Logic Levels:           1  (LUT2=1)
  Clock Path Skew:        -0.110ns (DCD - SCD + CPR)
    Destination Clock Delay (DCD):    5.077ns = ( 25.077 - 20.000 ) 
    Source Clock Delay      (SCD):    5.455ns
    Clock Pessimism Removal (CPR):    0.268ns
  Clock Uncertainty:      0.082ns  ((TSJ^2 + DJ^2)^1/2) / 2 + PE
    Total System Jitter     (TSJ):    0.071ns
    Discrete Jitter          (DJ):    0.147ns
    Phase Error              (PE):    0.000ns

    Location             Delay type                Incr(ns)  Path(ns)    Netlist Resource(s)
  -------------------------------------------------------------------    -------------------
                         (clock clk50_mmcm rise edge)
                                                      0.000     0.000 r  <hidden>
    N15                                               0.000     0.000 r  CLK_100MHZ
                         net (fo=0)                   0.000     0.000    CLK_100MHZ
    N15                  IBUF (Prop_ibuf_I_O)         1.371     1.371 r  CLK_100MHZ_IBUF_inst/O
                         net (fo=1, routed)           1.065     2.436    CLK_100MHZ_IBUF
    MMCME2_ADV_X0Y0      MMCME2_ADV (Prop_mmcme2_adv_CLKIN1_CLKOUT0)
                                                      0.077     2.513 r  u_mmcm/CLKOUT0
                         net (fo=1, routed)           1.425     3.938    clk50_mmcm
    BUFGCTRL_X0Y0        BUFG (Prop_bufg_I_O)         0.081     4.019 r  u_bufg_clk50/O
                         net (fo=1244, routed)        1.436     5.455    u_core/u_uart_protocol/clk50
    SLICE_X1Y37          FDCE                                         r  u_core/u_uart_protocol/cpu_hold_reg/C
  -------------------------------------------------------------------    -------------------
    SLICE_X1Y37          FDCE (Prop_fdce_C_Q)         0.379     5.834 f  u_core/u_uart_protocol/cpu_hold_reg/Q
                         net (fo=5, routed)           1.489     7.323    u_core/u_uart_protocol/cpu_hold_reg_0
    SLICE_X3Y15          LUT2 (Prop_lut2_I0_O)        0.127     7.450 f  u_core/u_uart_protocol/registers[0][31]_i_3/O
                         net (fo=802, routed)         4.934    12.384    u_core/u_var_store/vars_reg[14][15]_0
    SLICE_X10Y10         FDCE                                         f  u_core/u_var_store/vars_reg[12][8]/CLR
  -------------------------------------------------------------------    -------------------

                         (clock clk50_mmcm rise edge)
                                                     20.000    20.000 r  <hidden>
    N15                                               0.000    20.000 r  CLK_100MHZ
                         net (fo=0)                   0.000    20.000    CLK_100MHZ
    N15                  IBUF (Prop_ibuf_I_O)         1.306    21.306 r  CLK_100MHZ_IBUF_inst/O
                         net (fo=1, routed)           1.004    22.309    CLK_100MHZ_IBUF
    MMCME2_ADV_X0Y0      MMCME2_ADV (Prop_mmcme2_adv_CLKIN1_CLKOUT0)
                                                      0.073    22.382 r  u_mmcm/CLKOUT0
                         net (fo=1, routed)           1.357    23.740    clk50_mmcm
    BUFGCTRL_X0Y0        BUFG (Prop_bufg_I_O)         0.077    23.817 r  u_bufg_clk50/O
                         net (fo=1244, routed)        1.260    25.077    u_core/u_var_store/clk50
    SLICE_X10Y10         FDCE                                         r  u_core/u_var_store/vars_reg[12][8]/C
                         clock pessimism              0.268    25.345    <hidden>
                         clock uncertainty           -0.082    25.263    <hidden>
    SLICE_X10Y10         FDCE (Recov_fdce_C_CLR)     -0.455    24.808    u_core/u_var_store/vars_reg[12][8]
  -------------------------------------------------------------------
                         required time                         24.808    <hidden>
                         arrival time                         -12.384    <hidden>
  -------------------------------------------------------------------
                         slack                                 12.424    <hidden>

Slack (MET) :             12.450ns  (required time - arrival time)
  Source:                 u_core/u_uart_protocol/cpu_hold_reg/C
                            (rising edge-triggered cell FDCE clocked by clk50_mmcm  {rise@0.000ns fall@10.000ns period=20.000ns})
  Destination:            u_core/u_var_store/vars_reg[10][3]/CLR
                            (recovery check against rising-edge clock clk50_mmcm  {rise@0.000ns fall@10.000ns period=20.000ns})
  Path Group:             **async_default**
  Path Type:              Recovery (Max at Slow Process Corner)
  Requirement:            20.000ns  (clk50_mmcm rise@20.000ns - clk50_mmcm rise@0.000ns)
  Data Path Delay:        6.904ns  (logic 0.506ns (7.329%)  route 6.398ns (92.671%))
  Logic Levels:           1  (LUT2=1)
  Clock Path Skew:        -0.109ns (DCD - SCD + CPR)
    Destination Clock Delay (DCD):    5.078ns = ( 25.078 - 20.000 ) 
    Source Clock Delay      (SCD):    5.455ns
    Clock Pessimism Removal (CPR):    0.268ns
  Clock Uncertainty:      0.082ns  ((TSJ^2 + DJ^2)^1/2) / 2 + PE
    Total System Jitter     (TSJ):    0.071ns
    Discrete Jitter          (DJ):    0.147ns
    Phase Error              (PE):    0.000ns

    Location             Delay type                Incr(ns)  Path(ns)    Netlist Resource(s)
  -------------------------------------------------------------------    -------------------
                         (clock clk50_mmcm rise edge)
                                                      0.000     0.000 r  <hidden>
    N15                                               0.000     0.000 r  CLK_100MHZ
                         net (fo=0)                   0.000     0.000    CLK_100MHZ
    N15                  IBUF (Prop_ibuf_I_O)         1.371     1.371 r  CLK_100MHZ_IBUF_inst/O
                         net (fo=1, routed)           1.065     2.436    CLK_100MHZ_IBUF
    MMCME2_ADV_X0Y0      MMCME2_ADV (Prop_mmcme2_adv_CLKIN1_CLKOUT0)
                                                      0.077     2.513 r  u_mmcm/CLKOUT0
                         net (fo=1, routed)           1.425     3.938    clk50_mmcm
    BUFGCTRL_X0Y0        BUFG (Prop_bufg_I_O)         0.081     4.019 r  u_bufg_clk50/O
                         net (fo=1244, routed)        1.436     5.455    u_core/u_uart_protocol/clk50
    SLICE_X1Y37          FDCE                                         r  u_core/u_uart_protocol/cpu_hold_reg/C
  -------------------------------------------------------------------    -------------------
    SLICE_X1Y37          FDCE (Prop_fdce_C_Q)         0.379     5.834 f  u_core/u_uart_protocol/cpu_hold_reg/Q
                         net (fo=5, routed)           1.489     7.323    u_core/u_uart_protocol/cpu_hold_reg_0
    SLICE_X3Y15          LUT2 (Prop_lut2_I0_O)        0.127     7.450 f  u_core/u_uart_protocol/registers[0][31]_i_3/O
                         net (fo=802, routed)         4.909    12.359    u_core/u_var_store/vars_reg[14][15]_0
    SLICE_X14Y9          FDCE                                         f  u_core/u_var_store/vars_reg[10][3]/CLR
  -------------------------------------------------------------------    -------------------

                         (clock clk50_mmcm rise edge)
                                                     20.000    20.000 r  <hidden>
    N15                                               0.000    20.000 r  CLK_100MHZ
                         net (fo=0)                   0.000    20.000    CLK_100MHZ
    N15                  IBUF (Prop_ibuf_I_O)         1.306    21.306 r  CLK_100MHZ_IBUF_inst/O
                         net (fo=1, routed)           1.004    22.309    CLK_100MHZ_IBUF
    MMCME2_ADV_X0Y0      MMCME2_ADV (Prop_mmcme2_adv_CLKIN1_CLKOUT0)
                                                      0.073    22.382 r  u_mmcm/CLKOUT0
                         net (fo=1, routed)           1.357    23.740    clk50_mmcm
    BUFGCTRL_X0Y0        BUFG (Prop_bufg_I_O)         0.077    23.817 r  u_bufg_clk50/O
                         net (fo=1244, routed)        1.261    25.078    u_core/u_var_store/clk50
    SLICE_X14Y9          FDCE                                         r  u_core/u_var_store/vars_reg[10][3]/C
                         clock pessimism              0.268    25.346    <hidden>
                         clock uncertainty           -0.082    25.264    <hidden>
    SLICE_X14Y9          FDCE (Recov_fdce_C_CLR)     -0.455    24.809    u_core/u_var_store/vars_reg[10][3]
  -------------------------------------------------------------------
                         required time                         24.809    <hidden>
                         arrival time                         -12.359    <hidden>
  -------------------------------------------------------------------
                         slack                                 12.450    <hidden>





Min Delay Paths
--------------------------------------------------------------------------------------
Slack (MET) :             0.882ns  (arrival time - required time)
  Source:                 rst_n_reg/C
                            (rising edge-triggered cell FDRE clocked by clk50_mmcm  {rise@0.000ns fall@10.000ns period=20.000ns})
  Destination:            u_core/u_uart_protocol/tx_rec_reg[12]/CLR
                            (removal check against rising-edge clock clk50_mmcm  {rise@0.000ns fall@10.000ns period=20.000ns})
  Path Group:             **async_default**
  Path Type:              Removal (Min at Fast Process Corner)
  Requirement:            0.000ns  (clk50_mmcm rise@0.000ns - clk50_mmcm rise@0.000ns)
  Data Path Delay:        0.840ns  (logic 0.186ns (22.137%)  route 0.654ns (77.863%))
  Logic Levels:           1  (LUT1=1)
  Clock Path Skew:        0.025ns (DCD - SCD - CPR)
    Destination Clock Delay (DCD):    2.345ns
    Source Clock Delay      (SCD):    1.808ns
    Clock Pessimism Removal (CPR):    0.512ns

    Location             Delay type                Incr(ns)  Path(ns)    Netlist Resource(s)
  -------------------------------------------------------------------    -------------------
                         (clock clk50_mmcm rise edge)
                                                      0.000     0.000 r  <hidden>
    N15                                               0.000     0.000 r  CLK_100MHZ
                         net (fo=0)                   0.000     0.000    CLK_100MHZ
    N15                  IBUF (Prop_ibuf_I_O)         0.209     0.209 r  CLK_100MHZ_IBUF_inst/O
                         net (fo=1, routed)           0.440     0.649    CLK_100MHZ_IBUF
    MMCME2_ADV_X0Y0      MMCME2_ADV (Prop_mmcme2_adv_CLKIN1_CLKOUT0)
                                                      0.050     0.699 r  u_mmcm/CLKOUT0
                         net (fo=1, routed)           0.489     1.188    clk50_mmcm
    BUFGCTRL_X0Y0        BUFG (Prop_bufg_I_O)         0.026     1.214 r  u_bufg_clk50/O
                         net (fo=1244, routed)        0.595     1.808    clk50
    SLICE_X1Y6           FDRE                                         r  rst_n_reg/C
  -------------------------------------------------------------------    -------------------
    SLICE_X1Y6           FDRE (Prop_fdre_C_Q)         0.141     1.949 r  rst_n_reg/Q
                         net (fo=4, routed)           0.471     2.420    u_core/u_uart_protocol/u_decision_fifo/rst_n
    SLICE_X3Y15          LUT1 (Prop_lut1_I0_O)        0.045     2.465 f  u_core/u_uart_protocol/u_decision_fifo/LED_OBUF[15]_inst_i_1/O
                         net (fo=280, routed)         0.183     2.648    u_core/u_uart_protocol/rst_n_reg
    SLICE_X6Y19          FDCE                                         f  u_core/u_uart_protocol/tx_rec_reg[12]/CLR
  -------------------------------------------------------------------    -------------------

                         (clock clk50_mmcm rise edge)
                                                      0.000     0.000 r  <hidden>
    N15                                               0.000     0.000 r  CLK_100MHZ
                         net (fo=0)                   0.000     0.000    CLK_100MHZ
    N15                  IBUF (Prop_ibuf_I_O)         0.396     0.396 r  CLK_100MHZ_IBUF_inst/O
                         net (fo=1, routed)           0.480     0.876    CLK_100MHZ_IBUF
    MMCME2_ADV_X0Y0      MMCME2_ADV (Prop_mmcme2_adv_CLKIN1_CLKOUT0)
                                                      0.053     0.929 r  u_mmcm/CLKOUT0
                         net (fo=1, routed)           0.534     1.463    clk50_mmcm
    BUFGCTRL_X0Y0        BUFG (Prop_bufg_I_O)         0.029     1.492 r  u_bufg_clk50/O
                         net (fo=1244, routed)        0.854     2.345    u_core/u_uart_protocol/clk50
    SLICE_X6Y19          FDCE                                         r  u_core/u_uart_protocol/tx_rec_reg[12]/C
                         clock pessimism             -0.512     1.833    <hidden>
    SLICE_X6Y19          FDCE (Remov_fdce_C_CLR)     -0.067     1.766    u_core/u_uart_protocol/tx_rec_reg[12]
  -------------------------------------------------------------------
                         required time                         -1.766    <hidden>
                         arrival time                           2.648    <hidden>
  -------------------------------------------------------------------
                         slack                                  0.882    <hidden>

Slack (MET) :             0.882ns  (arrival time - required time)
  Source:                 rst_n_reg/C
                            (rising edge-triggered cell FDRE clocked by clk50_mmcm  {rise@0.000ns fall@10.000ns period=20.000ns})
  Destination:            u_core/u_uart_protocol/tx_rec_reg[13]/CLR
                            (removal check against rising-edge clock clk50_mmcm  {rise@0.000ns fall@10.000ns period=20.000ns})
  Path Group:             **async_default**
  Path Type:              Removal (Min at Fast Process Corner)
  Requirement:            0.000ns  (clk50_mmcm rise@0.000ns - clk50_mmcm rise@0.000ns)
  Data Path Delay:        0.840ns  (logic 0.186ns (22.137%)  route 0.654ns (77.863%))
  Logic Levels:           1  (LUT1=1)
  Clock Path Skew:        0.025ns (DCD - SCD - CPR)
    Destination Clock Delay (DCD):    2.345ns
    Source Clock Delay      (SCD):    1.808ns
    Clock Pessimism Removal (CPR):    0.512ns

    Location             Delay type                Incr(ns)  Path(ns)    Netlist Resource(s)
  -------------------------------------------------------------------    -------------------
                         (clock clk50_mmcm rise edge)
                                                      0.000     0.000 r  <hidden>
    N15                                               0.000     0.000 r  CLK_100MHZ
                         net (fo=0)                   0.000     0.000    CLK_100MHZ
    N15                  IBUF (Prop_ibuf_I_O)         0.209     0.209 r  CLK_100MHZ_IBUF_inst/O
                         net (fo=1, routed)           0.440     0.649    CLK_100MHZ_IBUF
    MMCME2_ADV_X0Y0      MMCME2_ADV (Prop_mmcme2_adv_CLKIN1_CLKOUT0)
                                                      0.050     0.699 r  u_mmcm/CLKOUT0
                         net (fo=1, routed)           0.489     1.188    clk50_mmcm
    BUFGCTRL_X0Y0        BUFG (Prop_bufg_I_O)         0.026     1.214 r  u_bufg_clk50/O
                         net (fo=1244, routed)        0.595     1.808    clk50
    SLICE_X1Y6           FDRE                                         r  rst_n_reg/C
  -------------------------------------------------------------------    -------------------
    SLICE_X1Y6           FDRE (Prop_fdre_C_Q)         0.141     1.949 r  rst_n_reg/Q
                         net (fo=4, routed)           0.471     2.420    u_core/u_uart_protocol/u_decision_fifo/rst_n
    SLICE_X3Y15          LUT1 (Prop_lut1_I0_O)        0.045     2.465 f  u_core/u_uart_protocol/u_decision_fifo/LED_OBUF[15]_inst_i_1/O
                         net (fo=280, routed)         0.183     2.648    u_core/u_uart_protocol/rst_n_reg
    SLICE_X6Y19          FDCE                                         f  u_core/u_uart_protocol/tx_rec_reg[13]/CLR
  -------------------------------------------------------------------    -------------------

                         (clock clk50_mmcm rise edge)
                                                      0.000     0.000 r  <hidden>
    N15                                               0.000     0.000 r  CLK_100MHZ
                         net (fo=0)                   0.000     0.000    CLK_100MHZ
    N15                  IBUF (Prop_ibuf_I_O)         0.396     0.396 r  CLK_100MHZ_IBUF_inst/O
                         net (fo=1, routed)           0.480     0.876    CLK_100MHZ_IBUF
    MMCME2_ADV_X0Y0      MMCME2_ADV (Prop_mmcme2_adv_CLKIN1_CLKOUT0)
                                                      0.053     0.929 r  u_mmcm/CLKOUT0
                         net (fo=1, routed)           0.534     1.463    clk50_mmcm
    BUFGCTRL_X0Y0        BUFG (Prop_bufg_I_O)         0.029     1.492 r  u_bufg_clk50/O
                         net (fo=1244, routed)        0.854     2.345    u_core/u_uart_protocol/clk50
    SLICE_X6Y19          FDCE                                         r  u_core/u_uart_protocol/tx_rec_reg[13]/C
                         clock pessimism             -0.512     1.833    <hidden>
    SLICE_X6Y19          FDCE (Remov_fdce_C_CLR)     -0.067     1.766    u_core/u_uart_protocol/tx_rec_reg[13]
  -------------------------------------------------------------------
                         required time                         -1.766    <hidden>
                         arrival time                           2.648    <hidden>
  -------------------------------------------------------------------
                         slack                                  0.882    <hidden>

Slack (MET) :             0.882ns  (arrival time - required time)
  Source:                 rst_n_reg/C
                            (rising edge-triggered cell FDRE clocked by clk50_mmcm  {rise@0.000ns fall@10.000ns period=20.000ns})
  Destination:            u_core/u_uart_protocol/tx_rec_reg[14]/CLR
                            (removal check against rising-edge clock clk50_mmcm  {rise@0.000ns fall@10.000ns period=20.000ns})
  Path Group:             **async_default**
  Path Type:              Removal (Min at Fast Process Corner)
  Requirement:            0.000ns  (clk50_mmcm rise@0.000ns - clk50_mmcm rise@0.000ns)
  Data Path Delay:        0.840ns  (logic 0.186ns (22.137%)  route 0.654ns (77.863%))
  Logic Levels:           1  (LUT1=1)
  Clock Path Skew:        0.025ns (DCD - SCD - CPR)
    Destination Clock Delay (DCD):    2.345ns
    Source Clock Delay      (SCD):    1.808ns
    Clock Pessimism Removal (CPR):    0.512ns

    Location             Delay type                Incr(ns)  Path(ns)    Netlist Resource(s)
  -------------------------------------------------------------------    -------------------
                         (clock clk50_mmcm rise edge)
                                                      0.000     0.000 r  <hidden>
    N15                                               0.000     0.000 r  CLK_100MHZ
                         net (fo=0)                   0.000     0.000    CLK_100MHZ
    N15                  IBUF (Prop_ibuf_I_O)         0.209     0.209 r  CLK_100MHZ_IBUF_inst/O
                         net (fo=1, routed)           0.440     0.649    CLK_100MHZ_IBUF
    MMCME2_ADV_X0Y0      MMCME2_ADV (Prop_mmcme2_adv_CLKIN1_CLKOUT0)
                                                      0.050     0.699 r  u_mmcm/CLKOUT0
                         net (fo=1, routed)           0.489     1.188    clk50_mmcm
    BUFGCTRL_X0Y0        BUFG (Prop_bufg_I_O)         0.026     1.214 r  u_bufg_clk50/O
                         net (fo=1244, routed)        0.595     1.808    clk50
    SLICE_X1Y6           FDRE                                         r  rst_n_reg/C
  -------------------------------------------------------------------    -------------------
    SLICE_X1Y6           FDRE (Prop_fdre_C_Q)         0.141     1.949 r  rst_n_reg/Q
                         net (fo=4, routed)           0.471     2.420    u_core/u_uart_protocol/u_decision_fifo/rst_n
    SLICE_X3Y15          LUT1 (Prop_lut1_I0_O)        0.045     2.465 f  u_core/u_uart_protocol/u_decision_fifo/LED_OBUF[15]_inst_i_1/O
                         net (fo=280, routed)         0.183     2.648    u_core/u_uart_protocol/rst_n_reg
    SLICE_X6Y19          FDCE                                         f  u_core/u_uart_protocol/tx_rec_reg[14]/CLR
  -------------------------------------------------------------------    -------------------

                         (clock clk50_mmcm rise edge)
                                                      0.000     0.000 r  <hidden>
    N15                                               0.000     0.000 r  CLK_100MHZ
                         net (fo=0)                   0.000     0.000    CLK_100MHZ
    N15                  IBUF (Prop_ibuf_I_O)         0.396     0.396 r  CLK_100MHZ_IBUF_inst/O
                         net (fo=1, routed)           0.480     0.876    CLK_100MHZ_IBUF
    MMCME2_ADV_X0Y0      MMCME2_ADV (Prop_mmcme2_adv_CLKIN1_CLKOUT0)
                                                      0.053     0.929 r  u_mmcm/CLKOUT0
                         net (fo=1, routed)           0.534     1.463    clk50_mmcm
    BUFGCTRL_X0Y0        BUFG (Prop_bufg_I_O)         0.029     1.492 r  u_bufg_clk50/O
                         net (fo=1244, routed)        0.854     2.345    u_core/u_uart_protocol/clk50
    SLICE_X6Y19          FDCE                                         r  u_core/u_uart_protocol/tx_rec_reg[14]/C
                         clock pessimism             -0.512     1.833    <hidden>
    SLICE_X6Y19          FDCE (Remov_fdce_C_CLR)     -0.067     1.766    u_core/u_uart_protocol/tx_rec_reg[14]
  -------------------------------------------------------------------
                         required time                         -1.766    <hidden>
                         arrival time                           2.648    <hidden>
  -------------------------------------------------------------------
                         slack                                  0.882    <hidden>

Slack (MET) :             0.882ns  (arrival time - required time)
  Source:                 rst_n_reg/C
                            (rising edge-triggered cell FDRE clocked by clk50_mmcm  {rise@0.000ns fall@10.000ns period=20.000ns})
  Destination:            u_core/u_uart_protocol/tx_rec_reg[15]/CLR
                            (removal check against rising-edge clock clk50_mmcm  {rise@0.000ns fall@10.000ns period=20.000ns})
  Path Group:             **async_default**
  Path Type:              Removal (Min at Fast Process Corner)
  Requirement:            0.000ns  (clk50_mmcm rise@0.000ns - clk50_mmcm rise@0.000ns)
  Data Path Delay:        0.840ns  (logic 0.186ns (22.137%)  route 0.654ns (77.863%))
  Logic Levels:           1  (LUT1=1)
  Clock Path Skew:        0.025ns (DCD - SCD - CPR)
    Destination Clock Delay (DCD):    2.345ns
    Source Clock Delay      (SCD):    1.808ns
    Clock Pessimism Removal (CPR):    0.512ns

    Location             Delay type                Incr(ns)  Path(ns)    Netlist Resource(s)
  -------------------------------------------------------------------    -------------------
                         (clock clk50_mmcm rise edge)
                                                      0.000     0.000 r  <hidden>
    N15                                               0.000     0.000 r  CLK_100MHZ
                         net (fo=0)                   0.000     0.000    CLK_100MHZ
    N15                  IBUF (Prop_ibuf_I_O)         0.209     0.209 r  CLK_100MHZ_IBUF_inst/O
                         net (fo=1, routed)           0.440     0.649    CLK_100MHZ_IBUF
    MMCME2_ADV_X0Y0      MMCME2_ADV (Prop_mmcme2_adv_CLKIN1_CLKOUT0)
                                                      0.050     0.699 r  u_mmcm/CLKOUT0
                         net (fo=1, routed)           0.489     1.188    clk50_mmcm
    BUFGCTRL_X0Y0        BUFG (Prop_bufg_I_O)         0.026     1.214 r  u_bufg_clk50/O
                         net (fo=1244, routed)        0.595     1.808    clk50
    SLICE_X1Y6           FDRE                                         r  rst_n_reg/C
  -------------------------------------------------------------------    -------------------
    SLICE_X1Y6           FDRE (Prop_fdre_C_Q)         0.141     1.949 r  rst_n_reg/Q
                         net (fo=4, routed)           0.471     2.420    u_core/u_uart_protocol/u_decision_fifo/rst_n
    SLICE_X3Y15          LUT1 (Prop_lut1_I0_O)        0.045     2.465 f  u_core/u_uart_protocol/u_decision_fifo/LED_OBUF[15]_inst_i_1/O
                         net (fo=280, routed)         0.183     2.648    u_core/u_uart_protocol/rst_n_reg
    SLICE_X6Y19          FDCE                                         f  u_core/u_uart_protocol/tx_rec_reg[15]/CLR
  -------------------------------------------------------------------    -------------------

                         (clock clk50_mmcm rise edge)
                                                      0.000     0.000 r  <hidden>
    N15                                               0.000     0.000 r  CLK_100MHZ
                         net (fo=0)                   0.000     0.000    CLK_100MHZ
    N15                  IBUF (Prop_ibuf_I_O)         0.396     0.396 r  CLK_100MHZ_IBUF_inst/O
                         net (fo=1, routed)           0.480     0.876    CLK_100MHZ_IBUF
    MMCME2_ADV_X0Y0      MMCME2_ADV (Prop_mmcme2_adv_CLKIN1_CLKOUT0)
                                                      0.053     0.929 r  u_mmcm/CLKOUT0
                         net (fo=1, routed)           0.534     1.463    clk50_mmcm
    BUFGCTRL_X0Y0        BUFG (Prop_bufg_I_O)         0.029     1.492 r  u_bufg_clk50/O
                         net (fo=1244, routed)        0.854     2.345    u_core/u_uart_protocol/clk50
    SLICE_X6Y19          FDCE                                         r  u_core/u_uart_protocol/tx_rec_reg[15]/C
                         clock pessimism             -0.512     1.833    <hidden>
    SLICE_X6Y19          FDCE (Remov_fdce_C_CLR)     -0.067     1.766    u_core/u_uart_protocol/tx_rec_reg[15]
  -------------------------------------------------------------------
                         required time                         -1.766    <hidden>
                         arrival time                           2.648    <hidden>
  -------------------------------------------------------------------
                         slack                                  0.882    <hidden>

Slack (MET) :             0.882ns  (arrival time - required time)
  Source:                 rst_n_reg/C
                            (rising edge-triggered cell FDRE clocked by clk50_mmcm  {rise@0.000ns fall@10.000ns period=20.000ns})
  Destination:            u_core/u_uart_protocol/tx_rec_reg[16]/CLR
                            (removal check against rising-edge clock clk50_mmcm  {rise@0.000ns fall@10.000ns period=20.000ns})
  Path Group:             **async_default**
  Path Type:              Removal (Min at Fast Process Corner)
  Requirement:            0.000ns  (clk50_mmcm rise@0.000ns - clk50_mmcm rise@0.000ns)
  Data Path Delay:        0.840ns  (logic 0.186ns (22.137%)  route 0.654ns (77.863%))
  Logic Levels:           1  (LUT1=1)
  Clock Path Skew:        0.025ns (DCD - SCD - CPR)
    Destination Clock Delay (DCD):    2.345ns
    Source Clock Delay      (SCD):    1.808ns
    Clock Pessimism Removal (CPR):    0.512ns

    Location             Delay type                Incr(ns)  Path(ns)    Netlist Resource(s)
  -------------------------------------------------------------------    -------------------
                         (clock clk50_mmcm rise edge)
                                                      0.000     0.000 r  <hidden>
    N15                                               0.000     0.000 r  CLK_100MHZ
                         net (fo=0)                   0.000     0.000    CLK_100MHZ
    N15                  IBUF (Prop_ibuf_I_O)         0.209     0.209 r  CLK_100MHZ_IBUF_inst/O
                         net (fo=1, routed)           0.440     0.649    CLK_100MHZ_IBUF
    MMCME2_ADV_X0Y0      MMCME2_ADV (Prop_mmcme2_adv_CLKIN1_CLKOUT0)
                                                      0.050     0.699 r  u_mmcm/CLKOUT0
                         net (fo=1, routed)           0.489     1.188    clk50_mmcm
    BUFGCTRL_X0Y0        BUFG (Prop_bufg_I_O)         0.026     1.214 r  u_bufg_clk50/O
                         net (fo=1244, routed)        0.595     1.808    clk50
    SLICE_X1Y6           FDRE                                         r  rst_n_reg/C
  -------------------------------------------------------------------    -------------------
    SLICE_X1Y6           FDRE (Prop_fdre_C_Q)         0.141     1.949 r  rst_n_reg/Q
                         net (fo=4, routed)           0.471     2.420    u_core/u_uart_protocol/u_decision_fifo/rst_n
    SLICE_X3Y15          LUT1 (Prop_lut1_I0_O)        0.045     2.465 f  u_core/u_uart_protocol/u_decision_fifo/LED_OBUF[15]_inst_i_1/O
                         net (fo=280, routed)         0.183     2.648    u_core/u_uart_protocol/rst_n_reg
    SLICE_X6Y19          FDCE                                         f  u_core/u_uart_protocol/tx_rec_reg[16]/CLR
  -------------------------------------------------------------------    -------------------

                         (clock clk50_mmcm rise edge)
                                                      0.000     0.000 r  <hidden>
    N15                                               0.000     0.000 r  CLK_100MHZ
                         net (fo=0)                   0.000     0.000    CLK_100MHZ
    N15                  IBUF (Prop_ibuf_I_O)         0.396     0.396 r  CLK_100MHZ_IBUF_inst/O
                         net (fo=1, routed)           0.480     0.876    CLK_100MHZ_IBUF
    MMCME2_ADV_X0Y0      MMCME2_ADV (Prop_mmcme2_adv_CLKIN1_CLKOUT0)
                                                      0.053     0.929 r  u_mmcm/CLKOUT0
                         net (fo=1, routed)           0.534     1.463    clk50_mmcm
    BUFGCTRL_X0Y0        BUFG (Prop_bufg_I_O)         0.029     1.492 r  u_bufg_clk50/O
                         net (fo=1244, routed)        0.854     2.345    u_core/u_uart_protocol/clk50
    SLICE_X6Y19          FDCE                                         r  u_core/u_uart_protocol/tx_rec_reg[16]/C
                         clock pessimism             -0.512     1.833    <hidden>
    SLICE_X6Y19          FDCE (Remov_fdce_C_CLR)     -0.067     1.766    u_core/u_uart_protocol/tx_rec_reg[16]
  -------------------------------------------------------------------
                         required time                         -1.766    <hidden>
                         arrival time                           2.648    <hidden>
  -------------------------------------------------------------------
                         slack                                  0.882    <hidden>

Slack (MET) :             0.882ns  (arrival time - required time)
  Source:                 rst_n_reg/C
                            (rising edge-triggered cell FDRE clocked by clk50_mmcm  {rise@0.000ns fall@10.000ns period=20.000ns})
  Destination:            u_core/u_uart_protocol/tx_rec_reg[17]/CLR
                            (removal check against rising-edge clock clk50_mmcm  {rise@0.000ns fall@10.000ns period=20.000ns})
  Path Group:             **async_default**
  Path Type:              Removal (Min at Fast Process Corner)
  Requirement:            0.000ns  (clk50_mmcm rise@0.000ns - clk50_mmcm rise@0.000ns)
  Data Path Delay:        0.840ns  (logic 0.186ns (22.137%)  route 0.654ns (77.863%))
  Logic Levels:           1  (LUT1=1)
  Clock Path Skew:        0.025ns (DCD - SCD - CPR)
    Destination Clock Delay (DCD):    2.345ns
    Source Clock Delay      (SCD):    1.808ns
    Clock Pessimism Removal (CPR):    0.512ns

    Location             Delay type                Incr(ns)  Path(ns)    Netlist Resource(s)
  -------------------------------------------------------------------    -------------------
                         (clock clk50_mmcm rise edge)
                                                      0.000     0.000 r  <hidden>
    N15                                               0.000     0.000 r  CLK_100MHZ
                         net (fo=0)                   0.000     0.000    CLK_100MHZ
    N15                  IBUF (Prop_ibuf_I_O)         0.209     0.209 r  CLK_100MHZ_IBUF_inst/O
                         net (fo=1, routed)           0.440     0.649    CLK_100MHZ_IBUF
    MMCME2_ADV_X0Y0      MMCME2_ADV (Prop_mmcme2_adv_CLKIN1_CLKOUT0)
                                                      0.050     0.699 r  u_mmcm/CLKOUT0
                         net (fo=1, routed)           0.489     1.188    clk50_mmcm
    BUFGCTRL_X0Y0        BUFG (Prop_bufg_I_O)         0.026     1.214 r  u_bufg_clk50/O
                         net (fo=1244, routed)        0.595     1.808    clk50
    SLICE_X1Y6           FDRE                                         r  rst_n_reg/C
  -------------------------------------------------------------------    -------------------
    SLICE_X1Y6           FDRE (Prop_fdre_C_Q)         0.141     1.949 r  rst_n_reg/Q
                         net (fo=4, routed)           0.471     2.420    u_core/u_uart_protocol/u_decision_fifo/rst_n
    SLICE_X3Y15          LUT1 (Prop_lut1_I0_O)        0.045     2.465 f  u_core/u_uart_protocol/u_decision_fifo/LED_OBUF[15]_inst_i_1/O
                         net (fo=280, routed)         0.183     2.648    u_core/u_uart_protocol/rst_n_reg
    SLICE_X6Y19          FDCE                                         f  u_core/u_uart_protocol/tx_rec_reg[17]/CLR
  -------------------------------------------------------------------    -------------------

                         (clock clk50_mmcm rise edge)
                                                      0.000     0.000 r  <hidden>
    N15                                               0.000     0.000 r  CLK_100MHZ
                         net (fo=0)                   0.000     0.000    CLK_100MHZ
    N15                  IBUF (Prop_ibuf_I_O)         0.396     0.396 r  CLK_100MHZ_IBUF_inst/O
                         net (fo=1, routed)           0.480     0.876    CLK_100MHZ_IBUF
    MMCME2_ADV_X0Y0      MMCME2_ADV (Prop_mmcme2_adv_CLKIN1_CLKOUT0)
                                                      0.053     0.929 r  u_mmcm/CLKOUT0
                         net (fo=1, routed)           0.534     1.463    clk50_mmcm
    BUFGCTRL_X0Y0        BUFG (Prop_bufg_I_O)         0.029     1.492 r  u_bufg_clk50/O
                         net (fo=1244, routed)        0.854     2.345    u_core/u_uart_protocol/clk50
    SLICE_X6Y19          FDCE                                         r  u_core/u_uart_protocol/tx_rec_reg[17]/C
                         clock pessimism             -0.512     1.833    <hidden>
    SLICE_X6Y19          FDCE (Remov_fdce_C_CLR)     -0.067     1.766    u_core/u_uart_protocol/tx_rec_reg[17]
  -------------------------------------------------------------------
                         required time                         -1.766    <hidden>
                         arrival time                           2.648    <hidden>
  -------------------------------------------------------------------
                         slack                                  0.882    <hidden>

Slack (MET) :             0.883ns  (arrival time - required time)
  Source:                 rst_n_reg/C
                            (rising edge-triggered cell FDRE clocked by clk50_mmcm  {rise@0.000ns fall@10.000ns period=20.000ns})
  Destination:            u_core/u_uart_protocol/pm_waddr_reg[5]/CLR
                            (removal check against rising-edge clock clk50_mmcm  {rise@0.000ns fall@10.000ns period=20.000ns})
  Path Group:             **async_default**
  Path Type:              Removal (Min at Fast Process Corner)
  Requirement:            0.000ns  (clk50_mmcm rise@0.000ns - clk50_mmcm rise@0.000ns)
  Data Path Delay:        0.849ns  (logic 0.186ns (21.900%)  route 0.663ns (78.100%))
  Logic Levels:           1  (LUT1=1)
  Clock Path Skew:        0.033ns (DCD - SCD - CPR)
    Destination Clock Delay (DCD):    2.353ns
    Source Clock Delay      (SCD):    1.808ns
    Clock Pessimism Removal (CPR):    0.512ns

    Location             Delay type                Incr(ns)  Path(ns)    Netlist Resource(s)
  -------------------------------------------------------------------    -------------------
                         (clock clk50_mmcm rise edge)
                                                      0.000     0.000 r  <hidden>
    N15                                               0.000     0.000 r  CLK_100MHZ
                         net (fo=0)                   0.000     0.000    CLK_100MHZ
    N15                  IBUF (Prop_ibuf_I_O)         0.209     0.209 r  CLK_100MHZ_IBUF_inst/O
                         net (fo=1, routed)           0.440     0.649    CLK_100MHZ_IBUF
    MMCME2_ADV_X0Y0      MMCME2_ADV (Prop_mmcme2_adv_CLKIN1_CLKOUT0)
                                                      0.050     0.699 r  u_mmcm/CLKOUT0
                         net (fo=1, routed)           0.489     1.188    clk50_mmcm
    BUFGCTRL_X0Y0        BUFG (Prop_bufg_I_O)         0.026     1.214 r  u_bufg_clk50/O
                         net (fo=1244, routed)        0.595     1.808    clk50
    SLICE_X1Y6           FDRE                                         r  rst_n_reg/C
  -------------------------------------------------------------------    -------------------
    SLICE_X1Y6           FDRE (Prop_fdre_C_Q)         0.141     1.949 r  rst_n_reg/Q
                         net (fo=4, routed)           0.471     2.420    u_core/u_uart_protocol/u_decision_fifo/rst_n
    SLICE_X3Y15          LUT1 (Prop_lut1_I0_O)        0.045     2.465 f  u_core/u_uart_protocol/u_decision_fifo/LED_OBUF[15]_inst_i_1/O
                         net (fo=280, routed)         0.193     2.658    u_core/u_uart_protocol/rst_n_reg
    SLICE_X6Y11          FDCE                                         f  u_core/u_uart_protocol/pm_waddr_reg[5]/CLR
  -------------------------------------------------------------------    -------------------

                         (clock clk50_mmcm rise edge)
                                                      0.000     0.000 r  <hidden>
    N15                                               0.000     0.000 r  CLK_100MHZ
                         net (fo=0)                   0.000     0.000    CLK_100MHZ
    N15                  IBUF (Prop_ibuf_I_O)         0.396     0.396 r  CLK_100MHZ_IBUF_inst/O
                         net (fo=1, routed)           0.480     0.876    CLK_100MHZ_IBUF
    MMCME2_ADV_X0Y0      MMCME2_ADV (Prop_mmcme2_adv_CLKIN1_CLKOUT0)
                                                      0.053     0.929 r  u_mmcm/CLKOUT0
                         net (fo=1, routed)           0.534     1.463    clk50_mmcm
    BUFGCTRL_X0Y0        BUFG (Prop_bufg_I_O)         0.029     1.492 r  u_bufg_clk50/O
                         net (fo=1244, routed)        0.862     2.353    u_core/u_uart_protocol/clk50
    SLICE_X6Y11          FDCE                                         r  u_core/u_uart_protocol/pm_waddr_reg[5]/C
                         clock pessimism             -0.512     1.841    <hidden>
    SLICE_X6Y11          FDCE (Remov_fdce_C_CLR)     -0.067     1.774    u_core/u_uart_protocol/pm_waddr_reg[5]
  -------------------------------------------------------------------
                         required time                         -1.774    <hidden>
                         arrival time                           2.658    <hidden>
  -------------------------------------------------------------------
                         slack                                  0.883    <hidden>

Slack (MET) :             0.883ns  (arrival time - required time)
  Source:                 rst_n_reg/C
                            (rising edge-triggered cell FDRE clocked by clk50_mmcm  {rise@0.000ns fall@10.000ns period=20.000ns})
  Destination:            u_core/u_uart_protocol/pm_waddr_reg[6]/CLR
                            (removal check against rising-edge clock clk50_mmcm  {rise@0.000ns fall@10.000ns period=20.000ns})
  Path Group:             **async_default**
  Path Type:              Removal (Min at Fast Process Corner)
  Requirement:            0.000ns  (clk50_mmcm rise@0.000ns - clk50_mmcm rise@0.000ns)
  Data Path Delay:        0.849ns  (logic 0.186ns (21.900%)  route 0.663ns (78.100%))
  Logic Levels:           1  (LUT1=1)
  Clock Path Skew:        0.033ns (DCD - SCD - CPR)
    Destination Clock Delay (DCD):    2.353ns
    Source Clock Delay      (SCD):    1.808ns
    Clock Pessimism Removal (CPR):    0.512ns

    Location             Delay type                Incr(ns)  Path(ns)    Netlist Resource(s)
  -------------------------------------------------------------------    -------------------
                         (clock clk50_mmcm rise edge)
                                                      0.000     0.000 r  <hidden>
    N15                                               0.000     0.000 r  CLK_100MHZ
                         net (fo=0)                   0.000     0.000    CLK_100MHZ
    N15                  IBUF (Prop_ibuf_I_O)         0.209     0.209 r  CLK_100MHZ_IBUF_inst/O
                         net (fo=1, routed)           0.440     0.649    CLK_100MHZ_IBUF
    MMCME2_ADV_X0Y0      MMCME2_ADV (Prop_mmcme2_adv_CLKIN1_CLKOUT0)
                                                      0.050     0.699 r  u_mmcm/CLKOUT0
                         net (fo=1, routed)           0.489     1.188    clk50_mmcm
    BUFGCTRL_X0Y0        BUFG (Prop_bufg_I_O)         0.026     1.214 r  u_bufg_clk50/O
                         net (fo=1244, routed)        0.595     1.808    clk50
    SLICE_X1Y6           FDRE                                         r  rst_n_reg/C
  -------------------------------------------------------------------    -------------------
    SLICE_X1Y6           FDRE (Prop_fdre_C_Q)         0.141     1.949 r  rst_n_reg/Q
                         net (fo=4, routed)           0.471     2.420    u_core/u_uart_protocol/u_decision_fifo/rst_n
    SLICE_X3Y15          LUT1 (Prop_lut1_I0_O)        0.045     2.465 f  u_core/u_uart_protocol/u_decision_fifo/LED_OBUF[15]_inst_i_1/O
                         net (fo=280, routed)         0.193     2.658    u_core/u_uart_protocol/rst_n_reg
    SLICE_X6Y11          FDCE                                         f  u_core/u_uart_protocol/pm_waddr_reg[6]/CLR
  -------------------------------------------------------------------    -------------------

                         (clock clk50_mmcm rise edge)
                                                      0.000     0.000 r  <hidden>
    N15                                               0.000     0.000 r  CLK_100MHZ
                         net (fo=0)                   0.000     0.000    CLK_100MHZ
    N15                  IBUF (Prop_ibuf_I_O)         0.396     0.396 r  CLK_100MHZ_IBUF_inst/O
                         net (fo=1, routed)           0.480     0.876    CLK_100MHZ_IBUF
    MMCME2_ADV_X0Y0      MMCME2_ADV (Prop_mmcme2_adv_CLKIN1_CLKOUT0)
                                                      0.053     0.929 r  u_mmcm/CLKOUT0
                         net (fo=1, routed)           0.534     1.463    clk50_mmcm
    BUFGCTRL_X0Y0        BUFG (Prop_bufg_I_O)         0.029     1.492 r  u_bufg_clk50/O
                         net (fo=1244, routed)        0.862     2.353    u_core/u_uart_protocol/clk50
    SLICE_X6Y11          FDCE                                         r  u_core/u_uart_protocol/pm_waddr_reg[6]/C
                         clock pessimism             -0.512     1.841    <hidden>
    SLICE_X6Y11          FDCE (Remov_fdce_C_CLR)     -0.067     1.774    u_core/u_uart_protocol/pm_waddr_reg[6]
  -------------------------------------------------------------------
                         required time                         -1.774    <hidden>
                         arrival time                           2.658    <hidden>
  -------------------------------------------------------------------
                         slack                                  0.883    <hidden>

Slack (MET) :             0.883ns  (arrival time - required time)
  Source:                 rst_n_reg/C
                            (rising edge-triggered cell FDRE clocked by clk50_mmcm  {rise@0.000ns fall@10.000ns period=20.000ns})
  Destination:            u_core/u_uart_protocol/pm_waddr_reg[7]/CLR
                            (removal check against rising-edge clock clk50_mmcm  {rise@0.000ns fall@10.000ns period=20.000ns})
  Path Group:             **async_default**
  Path Type:              Removal (Min at Fast Process Corner)
  Requirement:            0.000ns  (clk50_mmcm rise@0.000ns - clk50_mmcm rise@0.000ns)
  Data Path Delay:        0.849ns  (logic 0.186ns (21.900%)  route 0.663ns (78.100%))
  Logic Levels:           1  (LUT1=1)
  Clock Path Skew:        0.033ns (DCD - SCD - CPR)
    Destination Clock Delay (DCD):    2.353ns
    Source Clock Delay      (SCD):    1.808ns
    Clock Pessimism Removal (CPR):    0.512ns

    Location             Delay type                Incr(ns)  Path(ns)    Netlist Resource(s)
  -------------------------------------------------------------------    -------------------
                         (clock clk50_mmcm rise edge)
                                                      0.000     0.000 r  <hidden>
    N15                                               0.000     0.000 r  CLK_100MHZ
                         net (fo=0)                   0.000     0.000    CLK_100MHZ
    N15                  IBUF (Prop_ibuf_I_O)         0.209     0.209 r  CLK_100MHZ_IBUF_inst/O
                         net (fo=1, routed)           0.440     0.649    CLK_100MHZ_IBUF
    MMCME2_ADV_X0Y0      MMCME2_ADV (Prop_mmcme2_adv_CLKIN1_CLKOUT0)
                                                      0.050     0.699 r  u_mmcm/CLKOUT0
                         net (fo=1, routed)           0.489     1.188    clk50_mmcm
    BUFGCTRL_X0Y0        BUFG (Prop_bufg_I_O)         0.026     1.214 r  u_bufg_clk50/O
                         net (fo=1244, routed)        0.595     1.808    clk50
    SLICE_X1Y6           FDRE                                         r  rst_n_reg/C
  -------------------------------------------------------------------    -------------------
    SLICE_X1Y6           FDRE (Prop_fdre_C_Q)         0.141     1.949 r  rst_n_reg/Q
                         net (fo=4, routed)           0.471     2.420    u_core/u_uart_protocol/u_decision_fifo/rst_n
    SLICE_X3Y15          LUT1 (Prop_lut1_I0_O)        0.045     2.465 f  u_core/u_uart_protocol/u_decision_fifo/LED_OBUF[15]_inst_i_1/O
                         net (fo=280, routed)         0.193     2.658    u_core/u_uart_protocol/rst_n_reg
    SLICE_X6Y11          FDCE                                         f  u_core/u_uart_protocol/pm_waddr_reg[7]/CLR
  -------------------------------------------------------------------    -------------------

                         (clock clk50_mmcm rise edge)
                                                      0.000     0.000 r  <hidden>
    N15                                               0.000     0.000 r  CLK_100MHZ
                         net (fo=0)                   0.000     0.000    CLK_100MHZ
    N15                  IBUF (Prop_ibuf_I_O)         0.396     0.396 r  CLK_100MHZ_IBUF_inst/O
                         net (fo=1, routed)           0.480     0.876    CLK_100MHZ_IBUF
    MMCME2_ADV_X0Y0      MMCME2_ADV (Prop_mmcme2_adv_CLKIN1_CLKOUT0)
                                                      0.053     0.929 r  u_mmcm/CLKOUT0
                         net (fo=1, routed)           0.534     1.463    clk50_mmcm
    BUFGCTRL_X0Y0        BUFG (Prop_bufg_I_O)         0.029     1.492 r  u_bufg_clk50/O
                         net (fo=1244, routed)        0.862     2.353    u_core/u_uart_protocol/clk50
    SLICE_X6Y11          FDCE                                         r  u_core/u_uart_protocol/pm_waddr_reg[7]/C
                         clock pessimism             -0.512     1.841    <hidden>
    SLICE_X6Y11          FDCE (Remov_fdce_C_CLR)     -0.067     1.774    u_core/u_uart_protocol/pm_waddr_reg[7]
  -------------------------------------------------------------------
                         required time                         -1.774    <hidden>
                         arrival time                           2.658    <hidden>
  -------------------------------------------------------------------
                         slack                                  0.883    <hidden>

Slack (MET) :             0.883ns  (arrival time - required time)
  Source:                 rst_n_reg/C
                            (rising edge-triggered cell FDRE clocked by clk50_mmcm  {rise@0.000ns fall@10.000ns period=20.000ns})
  Destination:            u_core/u_uart_protocol/pm_waddr_reg[8]/CLR
                            (removal check against rising-edge clock clk50_mmcm  {rise@0.000ns fall@10.000ns period=20.000ns})
  Path Group:             **async_default**
  Path Type:              Removal (Min at Fast Process Corner)
  Requirement:            0.000ns  (clk50_mmcm rise@0.000ns - clk50_mmcm rise@0.000ns)
  Data Path Delay:        0.849ns  (logic 0.186ns (21.900%)  route 0.663ns (78.100%))
  Logic Levels:           1  (LUT1=1)
  Clock Path Skew:        0.033ns (DCD - SCD - CPR)
    Destination Clock Delay (DCD):    2.353ns
    Source Clock Delay      (SCD):    1.808ns
    Clock Pessimism Removal (CPR):    0.512ns

    Location             Delay type                Incr(ns)  Path(ns)    Netlist Resource(s)
  -------------------------------------------------------------------    -------------------
                         (clock clk50_mmcm rise edge)
                                                      0.000     0.000 r  <hidden>
    N15                                               0.000     0.000 r  CLK_100MHZ
                         net (fo=0)                   0.000     0.000    CLK_100MHZ
    N15                  IBUF (Prop_ibuf_I_O)         0.209     0.209 r  CLK_100MHZ_IBUF_inst/O
                         net (fo=1, routed)           0.440     0.649    CLK_100MHZ_IBUF
    MMCME2_ADV_X0Y0      MMCME2_ADV (Prop_mmcme2_adv_CLKIN1_CLKOUT0)
                                                      0.050     0.699 r  u_mmcm/CLKOUT0
                         net (fo=1, routed)           0.489     1.188    clk50_mmcm
    BUFGCTRL_X0Y0        BUFG (Prop_bufg_I_O)         0.026     1.214 r  u_bufg_clk50/O
                         net (fo=1244, routed)        0.595     1.808    clk50
    SLICE_X1Y6           FDRE                                         r  rst_n_reg/C
  -------------------------------------------------------------------    -------------------
    SLICE_X1Y6           FDRE (Prop_fdre_C_Q)         0.141     1.949 r  rst_n_reg/Q
                         net (fo=4, routed)           0.471     2.420    u_core/u_uart_protocol/u_decision_fifo/rst_n
    SLICE_X3Y15          LUT1 (Prop_lut1_I0_O)        0.045     2.465 f  u_core/u_uart_protocol/u_decision_fifo/LED_OBUF[15]_inst_i_1/O
                         net (fo=280, routed)         0.193     2.658    u_core/u_uart_protocol/rst_n_reg
    SLICE_X6Y11          FDCE                                         f  u_core/u_uart_protocol/pm_waddr_reg[8]/CLR
  -------------------------------------------------------------------    -------------------

                         (clock clk50_mmcm rise edge)
                                                      0.000     0.000 r  <hidden>
    N15                                               0.000     0.000 r  CLK_100MHZ
                         net (fo=0)                   0.000     0.000    CLK_100MHZ
    N15                  IBUF (Prop_ibuf_I_O)         0.396     0.396 r  CLK_100MHZ_IBUF_inst/O
                         net (fo=1, routed)           0.480     0.876    CLK_100MHZ_IBUF
    MMCME2_ADV_X0Y0      MMCME2_ADV (Prop_mmcme2_adv_CLKIN1_CLKOUT0)
                                                      0.053     0.929 r  u_mmcm/CLKOUT0
                         net (fo=1, routed)           0.534     1.463    clk50_mmcm
    BUFGCTRL_X0Y0        BUFG (Prop_bufg_I_O)         0.029     1.492 r  u_bufg_clk50/O
                         net (fo=1244, routed)        0.862     2.353    u_core/u_uart_protocol/clk50
    SLICE_X6Y11          FDCE                                         r  u_core/u_uart_protocol/pm_waddr_reg[8]/C
                         clock pessimism             -0.512     1.841    <hidden>
    SLICE_X6Y11          FDCE (Remov_fdce_C_CLR)     -0.067     1.774    u_core/u_uart_protocol/pm_waddr_reg[8]
  -------------------------------------------------------------------
                         required time                         -1.774    <hidden>
                         arrival time                           2.658    <hidden>
  -------------------------------------------------------------------
                         slack                                  0.883    <hidden>





--------------------------------------------------------------------------------------
Path Group:  (none)
From Clock:  clk50_mmcm
  To Clock:  

Max Delay            17 Endpoints
Min Delay            17 Endpoints
--------------------------------------------------------------------------------------


Max Delay Paths
--------------------------------------------------------------------------------------
Slack:                    inf
  Source:                 rst_n_reg/C
                            (rising edge-triggered cell FDRE clocked by clk50_mmcm  {rise@0.000ns fall@10.000ns period=20.000ns})
  Destination:            LED[15]
                            (output port)
  Path Group:             (none)
  Path Type:              Max at Slow Process Corner
  Data Path Delay:        10.092ns  (logic 3.750ns (37.156%)  route 6.342ns (62.844%))
  Logic Levels:           2  (LUT1=1 OBUF=1)
  Clock Uncertainty:      0.176ns  ((TSJ^2 + DJ^2)^1/2) / 2 + PE
    Total System Jitter     (TSJ):    0.050ns
    Discrete Jitter          (DJ):    0.147ns
    Phase Error              (PE):    0.099ns
  Timing Exception:       False Path

    Location             Delay type                Incr(ns)  Path(ns)    Netlist Resource(s)
  -------------------------------------------------------------------    -------------------
                         (clock clk50_mmcm rise edge)
                                                      0.000     0.000 r  <hidden>
    N15                                               0.000     0.000 r  CLK_100MHZ
                         net (fo=0)                   0.000     0.000    CLK_100MHZ
    N15                  IBUF (Prop_ibuf_I_O)         1.371     1.371 r  CLK_100MHZ_IBUF_inst/O
                         net (fo=1, routed)           1.065     2.436    CLK_100MHZ_IBUF
    MMCME2_ADV_X0Y0      MMCME2_ADV (Prop_mmcme2_adv_CLKIN1_CLKOUT0)
                                                      0.077     2.513 r  u_mmcm/CLKOUT0
                         net (fo=1, routed)           1.425     3.938    clk50_mmcm
    BUFGCTRL_X0Y0        BUFG (Prop_bufg_I_O)         0.081     4.019 r  u_bufg_clk50/O
                         net (fo=1244, routed)        1.439     5.458    clk50
    SLICE_X1Y6           FDRE                                         r  rst_n_reg/C
  -------------------------------------------------------------------    -------------------
    SLICE_X1Y6           FDRE (Prop_fdre_C_Q)         0.379     5.837 f  rst_n_reg/Q
                         net (fo=4, routed)           1.099     6.936    u_core/u_uart_protocol/u_decision_fifo/rst_n
    SLICE_X3Y15          LUT1 (Prop_lut1_I0_O)        0.105     7.041 r  u_core/u_uart_protocol/u_decision_fifo/LED_OBUF[15]_inst_i_1/O
                         net (fo=280, routed)         5.243    12.284    LED_OBUF[15]
    G17                  OBUF (Prop_obuf_I_O)         3.266    15.550 r  LED_OBUF[15]_inst/O
                         net (fo=0)                   0.000    15.550    LED[15]
    G17                                                               r  LED[15]
  -------------------------------------------------------------------    -------------------

Slack:                    inf
  Source:                 u_core/u_stock_buffers/g_buf[4].staged_valid_reg/C
                            (rising edge-triggered cell FDCE clocked by clk50_mmcm  {rise@0.000ns fall@10.000ns period=20.000ns})
  Destination:            LED[4]
                            (output port)
  Path Group:             (none)
  Path Type:              Max at Slow Process Corner
  Data Path Delay:        6.249ns  (logic 3.672ns (58.768%)  route 2.576ns (41.232%))
  Logic Levels:           1  (OBUF=1)
  Clock Uncertainty:      0.176ns  ((TSJ^2 + DJ^2)^1/2) / 2 + PE
    Total System Jitter     (TSJ):    0.050ns
    Discrete Jitter          (DJ):    0.147ns
    Phase Error              (PE):    0.099ns
  Timing Exception:       False Path

    Location             Delay type                Incr(ns)  Path(ns)    Netlist Resource(s)
  -------------------------------------------------------------------    -------------------
                         (clock clk50_mmcm rise edge)
                                                      0.000     0.000 r  <hidden>
    N15                                               0.000     0.000 r  CLK_100MHZ
                         net (fo=0)                   0.000     0.000    CLK_100MHZ
    N15                  IBUF (Prop_ibuf_I_O)         1.371     1.371 r  CLK_100MHZ_IBUF_inst/O
                         net (fo=1, routed)           1.065     2.436    CLK_100MHZ_IBUF
    MMCME2_ADV_X0Y0      MMCME2_ADV (Prop_mmcme2_adv_CLKIN1_CLKOUT0)
                                                      0.077     2.513 r  u_mmcm/CLKOUT0
                         net (fo=1, routed)           1.425     3.938    clk50_mmcm
    BUFGCTRL_X0Y0        BUFG (Prop_bufg_I_O)         0.081     4.019 r  u_bufg_clk50/O
                         net (fo=1244, routed)        1.437     5.456    u_core/u_stock_buffers/clk50
    SLICE_X0Y39          FDCE                                         r  u_core/u_stock_buffers/g_buf[4].staged_valid_reg/C
  -------------------------------------------------------------------    -------------------
    SLICE_X0Y39          FDCE (Prop_fdce_C_Q)         0.379     5.835 r  u_core/u_stock_buffers/g_buf[4].staged_valid_reg/Q
                         net (fo=4, routed)           2.576     8.411    LED_OBUF[4]
    D16                  OBUF (Prop_obuf_I_O)         3.293    11.704 r  LED_OBUF[4]_inst/O
                         net (fo=0)                   0.000    11.704    LED[4]
    D16                                                               r  LED[4]
  -------------------------------------------------------------------    -------------------

Slack:                    inf
  Source:                 u_core/u_uart_tx/txd_reg/C
                            (rising edge-triggered cell FDPE clocked by clk50_mmcm  {rise@0.000ns fall@10.000ns period=20.000ns})
  Destination:            UART_TXD
                            (output port)
  Path Group:             (none)
  Path Type:              Max at Slow Process Corner
  Data Path Delay:        6.200ns  (logic 3.727ns (60.112%)  route 2.473ns (39.888%))
  Logic Levels:           1  (OBUF=1)
  Clock Uncertainty:      0.176ns  ((TSJ^2 + DJ^2)^1/2) / 2 + PE
    Total System Jitter     (TSJ):    0.050ns
    Discrete Jitter          (DJ):    0.147ns
    Phase Error              (PE):    0.099ns
  Timing Exception:       False Path

    Location             Delay type                Incr(ns)  Path(ns)    Netlist Resource(s)
  -------------------------------------------------------------------    -------------------
                         (clock clk50_mmcm rise edge)
                                                      0.000     0.000 r  <hidden>
    N15                                               0.000     0.000 r  CLK_100MHZ
                         net (fo=0)                   0.000     0.000    CLK_100MHZ
    N15                  IBUF (Prop_ibuf_I_O)         1.371     1.371 r  CLK_100MHZ_IBUF_inst/O
                         net (fo=1, routed)           1.065     2.436    CLK_100MHZ_IBUF
    MMCME2_ADV_X0Y0      MMCME2_ADV (Prop_mmcme2_adv_CLKIN1_CLKOUT0)
                                                      0.077     2.513 r  u_mmcm/CLKOUT0
                         net (fo=1, routed)           1.425     3.938    clk50_mmcm
    BUFGCTRL_X0Y0        BUFG (Prop_bufg_I_O)         0.081     4.019 r  u_bufg_clk50/O
                         net (fo=1244, routed)        1.435     5.454    u_core/u_uart_tx/clk50
    SLICE_X6Y38          FDPE                                         r  u_core/u_uart_tx/txd_reg/C
  -------------------------------------------------------------------    -------------------
    SLICE_X6Y38          FDPE (Prop_fdpe_C_Q)         0.433     5.887 r  u_core/u_uart_tx/txd_reg/Q
                         net (fo=1, routed)           2.473     8.360    UART_TXD_OBUF
    B16                  OBUF (Prop_obuf_I_O)         3.294    11.654 r  UART_TXD_OBUF_inst/O
                         net (fo=0)                   0.000    11.654    UART_TXD
    B16                                                               r  UART_TXD
  -------------------------------------------------------------------    -------------------

Slack:                    inf
  Source:                 u_core/u_uart_protocol/tx_msg_toggle_reg/C
                            (rising edge-triggered cell FDCE clocked by clk50_mmcm  {rise@0.000ns fall@10.000ns period=20.000ns})
  Destination:            LED[13]
                            (output port)
  Path Group:             (none)
  Path Type:              Max at Slow Process Corner
  Data Path Delay:        6.155ns  (logic 3.648ns (59.270%)  route 2.507ns (40.730%))
  Logic Levels:           1  (OBUF=1)
  Clock Uncertainty:      0.176ns  ((TSJ^2 + DJ^2)^1/2) / 2 + PE
    Total System Jitter     (TSJ):    0.050ns
    Discrete Jitter          (DJ):    0.147ns
    Phase Error              (PE):    0.099ns
  Timing Exception:       False Path

    Location             Delay type                Incr(ns)  Path(ns)    Netlist Resource(s)
  -------------------------------------------------------------------    -------------------
                         (clock clk50_mmcm rise edge)
                                                      0.000     0.000 r  <hidden>
    N15                                               0.000     0.000 r  CLK_100MHZ
                         net (fo=0)                   0.000     0.000    CLK_100MHZ
    N15                  IBUF (Prop_ibuf_I_O)         1.371     1.371 r  CLK_100MHZ_IBUF_inst/O
                         net (fo=1, routed)           1.065     2.436    CLK_100MHZ_IBUF
    MMCME2_ADV_X0Y0      MMCME2_ADV (Prop_mmcme2_adv_CLKIN1_CLKOUT0)
                                                      0.077     2.513 r  u_mmcm/CLKOUT0
                         net (fo=1, routed)           1.425     3.938    clk50_mmcm
    BUFGCTRL_X0Y0        BUFG (Prop_bufg_I_O)         0.081     4.019 r  u_bufg_clk50/O
                         net (fo=1244, routed)        1.425     5.444    u_core/u_uart_protocol/clk50
    SLICE_X3Y28          FDCE                                         r  u_core/u_uart_protocol/tx_msg_toggle_reg/C
  -------------------------------------------------------------------    -------------------
    SLICE_X3Y28          FDCE (Prop_fdce_C_Q)         0.379     5.823 r  u_core/u_uart_protocol/tx_msg_toggle_reg/Q
                         net (fo=2, routed)           2.507     8.330    LED_OBUF[13]
    D18                  OBUF (Prop_obuf_I_O)         3.269    11.599 r  LED_OBUF[13]_inst/O
                         net (fo=0)                   0.000    11.599    LED[13]
    D18                                                               r  LED[13]
  -------------------------------------------------------------------    -------------------

Slack:                    inf
  Source:                 u_core/u_uart_protocol/prog_loaded_reg/C
                            (rising edge-triggered cell FDCE clocked by clk50_mmcm  {rise@0.000ns fall@10.000ns period=20.000ns})
  Destination:            LED[10]
                            (output port)
  Path Group:             (none)
  Path Type:              Max at Slow Process Corner
  Data Path Delay:        6.020ns  (logic 3.726ns (61.887%)  route 2.294ns (38.113%))
  Logic Levels:           1  (OBUF=1)
  Clock Uncertainty:      0.176ns  ((TSJ^2 + DJ^2)^1/2) / 2 + PE
    Total System Jitter     (TSJ):    0.050ns
    Discrete Jitter          (DJ):    0.147ns
    Phase Error              (PE):    0.099ns
  Timing Exception:       False Path

    Location             Delay type                Incr(ns)  Path(ns)    Netlist Resource(s)
  -------------------------------------------------------------------    -------------------
                         (clock clk50_mmcm rise edge)
                                                      0.000     0.000 r  <hidden>
    N15                                               0.000     0.000 r  CLK_100MHZ
                         net (fo=0)                   0.000     0.000    CLK_100MHZ
    N15                  IBUF (Prop_ibuf_I_O)         1.371     1.371 r  CLK_100MHZ_IBUF_inst/O
                         net (fo=1, routed)           1.065     2.436    CLK_100MHZ_IBUF
    MMCME2_ADV_X0Y0      MMCME2_ADV (Prop_mmcme2_adv_CLKIN1_CLKOUT0)
                                                      0.077     2.513 r  u_mmcm/CLKOUT0
                         net (fo=1, routed)           1.425     3.938    clk50_mmcm
    BUFGCTRL_X0Y0        BUFG (Prop_bufg_I_O)         0.081     4.019 r  u_bufg_clk50/O
                         net (fo=1244, routed)        1.438     5.457    u_core/u_uart_protocol/clk50
    SLICE_X2Y40          FDCE                                         r  u_core/u_uart_protocol/prog_loaded_reg/C
  -------------------------------------------------------------------    -------------------
    SLICE_X2Y40          FDCE (Prop_fdce_C_Q)         0.433     5.890 r  u_core/u_uart_protocol/prog_loaded_reg/Q
                         net (fo=1, routed)           2.294     8.184    LED_OBUF[10]
    A17                  OBUF (Prop_obuf_I_O)         3.293    11.477 r  LED_OBUF[10]_inst/O
                         net (fo=0)                   0.000    11.477    LED[10]
    A17                                                               r  LED[10]
  -------------------------------------------------------------------    -------------------

Slack:                    inf
  Source:                 u_core/u_uart_protocol/cpu_hold_reg/C
                            (rising edge-triggered cell FDCE clocked by clk50_mmcm  {rise@0.000ns fall@10.000ns period=20.000ns})
  Destination:            LED[11]
                            (output port)
  Path Group:             (none)
  Path Type:              Max at Slow Process Corner
  Data Path Delay:        5.998ns  (logic 3.671ns (61.208%)  route 2.327ns (38.792%))
  Logic Levels:           1  (OBUF=1)
  Clock Uncertainty:      0.176ns  ((TSJ^2 + DJ^2)^1/2) / 2 + PE
    Total System Jitter     (TSJ):    0.050ns
    Discrete Jitter          (DJ):    0.147ns
    Phase Error              (PE):    0.099ns
  Timing Exception:       False Path

    Location             Delay type                Incr(ns)  Path(ns)    Netlist Resource(s)
  -------------------------------------------------------------------    -------------------
                         (clock clk50_mmcm rise edge)
                                                      0.000     0.000 r  <hidden>
    N15                                               0.000     0.000 r  CLK_100MHZ
                         net (fo=0)                   0.000     0.000    CLK_100MHZ
    N15                  IBUF (Prop_ibuf_I_O)         1.371     1.371 r  CLK_100MHZ_IBUF_inst/O
                         net (fo=1, routed)           1.065     2.436    CLK_100MHZ_IBUF
    MMCME2_ADV_X0Y0      MMCME2_ADV (Prop_mmcme2_adv_CLKIN1_CLKOUT0)
                                                      0.077     2.513 r  u_mmcm/CLKOUT0
                         net (fo=1, routed)           1.425     3.938    clk50_mmcm
    BUFGCTRL_X0Y0        BUFG (Prop_bufg_I_O)         0.081     4.019 r  u_bufg_clk50/O
                         net (fo=1244, routed)        1.436     5.455    u_core/u_uart_protocol/clk50
    SLICE_X1Y37          FDCE                                         r  u_core/u_uart_protocol/cpu_hold_reg/C
  -------------------------------------------------------------------    -------------------
    SLICE_X1Y37          FDCE (Prop_fdce_C_Q)         0.379     5.834 r  u_core/u_uart_protocol/cpu_hold_reg/Q
                         net (fo=5, routed)           2.327     8.161    LED_OBUF[11]
    B17                  OBUF (Prop_obuf_I_O)         3.292    11.453 r  LED_OBUF[11]_inst/O
                         net (fo=0)                   0.000    11.453    LED[11]
    B17                                                               r  LED[11]
  -------------------------------------------------------------------    -------------------

Slack:                    inf
  Source:                 u_core/u_stock_buffers/g_buf[3].staged_valid_reg/C
                            (rising edge-triggered cell FDCE clocked by clk50_mmcm  {rise@0.000ns fall@10.000ns period=20.000ns})
  Destination:            LED[3]
                            (output port)
  Path Group:             (none)
  Path Type:              Max at Slow Process Corner
  Data Path Delay:        5.964ns  (logic 3.649ns (61.181%)  route 2.315ns (38.819%))
  Logic Levels:           1  (OBUF=1)
  Clock Uncertainty:      0.176ns  ((TSJ^2 + DJ^2)^1/2) / 2 + PE
    Total System Jitter     (TSJ):    0.050ns
    Discrete Jitter          (DJ):    0.147ns
    Phase Error              (PE):    0.099ns
  Timing Exception:       False Path

    Location             Delay type                Incr(ns)  Path(ns)    Netlist Resource(s)
  -------------------------------------------------------------------    -------------------
                         (clock clk50_mmcm rise edge)
                                                      0.000     0.000 r  <hidden>
    N15                                               0.000     0.000 r  CLK_100MHZ
                         net (fo=0)                   0.000     0.000    CLK_100MHZ
    N15                  IBUF (Prop_ibuf_I_O)         1.371     1.371 r  CLK_100MHZ_IBUF_inst/O
                         net (fo=1, routed)           1.065     2.436    CLK_100MHZ_IBUF
    MMCME2_ADV_X0Y0      MMCME2_ADV (Prop_mmcme2_adv_CLKIN1_CLKOUT0)
                                                      0.077     2.513 r  u_mmcm/CLKOUT0
                         net (fo=1, routed)           1.425     3.938    clk50_mmcm
    BUFGCTRL_X0Y0        BUFG (Prop_bufg_I_O)         0.081     4.019 r  u_bufg_clk50/O
                         net (fo=1244, routed)        1.438     5.457    u_core/u_stock_buffers/clk50
    SLICE_X0Y40          FDCE                                         r  u_core/u_stock_buffers/g_buf[3].staged_valid_reg/C
  -------------------------------------------------------------------    -------------------
    SLICE_X0Y40          FDCE (Prop_fdce_C_Q)         0.379     5.836 r  u_core/u_stock_buffers/g_buf[3].staged_valid_reg/Q
                         net (fo=4, routed)           2.315     8.151    LED_OBUF[3]
    D15                  OBUF (Prop_obuf_I_O)         3.270    11.421 r  LED_OBUF[3]_inst/O
                         net (fo=0)                   0.000    11.421    LED[3]
    D15                                                               r  LED[3]
  -------------------------------------------------------------------    -------------------

Slack:                    inf
  Source:                 u_core/u_stock_buffers/g_buf[1].staged_valid_reg/C
                            (rising edge-triggered cell FDCE clocked by clk50_mmcm  {rise@0.000ns fall@10.000ns period=20.000ns})
  Destination:            LED[1]
                            (output port)
  Path Group:             (none)
  Path Type:              Max at Slow Process Corner
  Data Path Delay:        5.961ns  (logic 3.638ns (61.030%)  route 2.323ns (38.970%))
  Logic Levels:           1  (OBUF=1)
  Clock Uncertainty:      0.176ns  ((TSJ^2 + DJ^2)^1/2) / 2 + PE
    Total System Jitter     (TSJ):    0.050ns
    Discrete Jitter          (DJ):    0.147ns
    Phase Error              (PE):    0.099ns
  Timing Exception:       False Path

    Location             Delay type                Incr(ns)  Path(ns)    Netlist Resource(s)
  -------------------------------------------------------------------    -------------------
                         (clock clk50_mmcm rise edge)
                                                      0.000     0.000 r  <hidden>
    N15                                               0.000     0.000 r  CLK_100MHZ
                         net (fo=0)                   0.000     0.000    CLK_100MHZ
    N15                  IBUF (Prop_ibuf_I_O)         1.371     1.371 r  CLK_100MHZ_IBUF_inst/O
                         net (fo=1, routed)           1.065     2.436    CLK_100MHZ_IBUF
    MMCME2_ADV_X0Y0      MMCME2_ADV (Prop_mmcme2_adv_CLKIN1_CLKOUT0)
                                                      0.077     2.513 r  u_mmcm/CLKOUT0
                         net (fo=1, routed)           1.425     3.938    clk50_mmcm
    BUFGCTRL_X0Y0        BUFG (Prop_bufg_I_O)         0.081     4.019 r  u_bufg_clk50/O
                         net (fo=1244, routed)        1.437     5.456    u_core/u_stock_buffers/clk50
    SLICE_X0Y39          FDCE                                         r  u_core/u_stock_buffers/g_buf[1].staged_valid_reg/C
  -------------------------------------------------------------------    -------------------
    SLICE_X0Y39          FDCE (Prop_fdce_C_Q)         0.379     5.835 r  u_core/u_stock_buffers/g_buf[1].staged_valid_reg/Q
                         net (fo=4, routed)           2.323     8.158    LED_OBUF[1]
    C14                  OBUF (Prop_obuf_I_O)         3.259    11.417 r  LED_OBUF[1]_inst/O
                         net (fo=0)                   0.000    11.417    LED[1]
    C14                                                               r  LED[1]
  -------------------------------------------------------------------    -------------------

Slack:                    inf
  Source:                 u_core/u_stock_buffers/g_buf[0].staged_valid_reg/C
                            (rising edge-triggered cell FDCE clocked by clk50_mmcm  {rise@0.000ns fall@10.000ns period=20.000ns})
  Destination:            LED[0]
                            (output port)
  Path Group:             (none)
  Path Type:              Max at Slow Process Corner
  Data Path Delay:        5.955ns  (logic 3.644ns (61.188%)  route 2.311ns (38.812%))
  Logic Levels:           1  (OBUF=1)
  Clock Uncertainty:      0.176ns  ((TSJ^2 + DJ^2)^1/2) / 2 + PE
    Total System Jitter     (TSJ):    0.050ns
    Discrete Jitter          (DJ):    0.147ns
    Phase Error              (PE):    0.099ns
  Timing Exception:       False Path

    Location             Delay type                Incr(ns)  Path(ns)    Netlist Resource(s)
  -------------------------------------------------------------------    -------------------
                         (clock clk50_mmcm rise edge)
                                                      0.000     0.000 r  <hidden>
    N15                                               0.000     0.000 r  CLK_100MHZ
                         net (fo=0)                   0.000     0.000    CLK_100MHZ
    N15                  IBUF (Prop_ibuf_I_O)         1.371     1.371 r  CLK_100MHZ_IBUF_inst/O
                         net (fo=1, routed)           1.065     2.436    CLK_100MHZ_IBUF
    MMCME2_ADV_X0Y0      MMCME2_ADV (Prop_mmcme2_adv_CLKIN1_CLKOUT0)
                                                      0.077     2.513 r  u_mmcm/CLKOUT0
                         net (fo=1, routed)           1.425     3.938    clk50_mmcm
    BUFGCTRL_X0Y0        BUFG (Prop_bufg_I_O)         0.081     4.019 r  u_bufg_clk50/O
                         net (fo=1244, routed)        1.438     5.457    u_core/u_stock_buffers/clk50
    SLICE_X0Y40          FDCE                                         r  u_core/u_stock_buffers/g_buf[0].staged_valid_reg/C
  -------------------------------------------------------------------    -------------------
    SLICE_X0Y40          FDCE (Prop_fdce_C_Q)         0.379     5.836 r  u_core/u_stock_buffers/g_buf[0].staged_valid_reg/Q
                         net (fo=4, routed)           2.311     8.147    LED_OBUF[0]
    C13                  OBUF (Prop_obuf_I_O)         3.265    11.412 r  LED_OBUF[0]_inst/O
                         net (fo=0)                   0.000    11.412    LED[0]
    C13                                                               r  LED[0]
  -------------------------------------------------------------------    -------------------

Slack:                    inf
  Source:                 u_core/u_stock_buffers/g_buf[2].staged_valid_reg/C
                            (rising edge-triggered cell FDCE clocked by clk50_mmcm  {rise@0.000ns fall@10.000ns period=20.000ns})
  Destination:            LED[2]
                            (output port)
  Path Group:             (none)
  Path Type:              Max at Slow Process Corner
  Data Path Delay:        5.952ns  (logic 3.642ns (61.194%)  route 2.310ns (38.806%))
  Logic Levels:           1  (OBUF=1)
  Clock Uncertainty:      0.176ns  ((TSJ^2 + DJ^2)^1/2) / 2 + PE
    Total System Jitter     (TSJ):    0.050ns
    Discrete Jitter          (DJ):    0.147ns
    Phase Error              (PE):    0.099ns
  Timing Exception:       False Path

    Location             Delay type                Incr(ns)  Path(ns)    Netlist Resource(s)
  -------------------------------------------------------------------    -------------------
                         (clock clk50_mmcm rise edge)
                                                      0.000     0.000 r  <hidden>
    N15                                               0.000     0.000 r  CLK_100MHZ
                         net (fo=0)                   0.000     0.000    CLK_100MHZ
    N15                  IBUF (Prop_ibuf_I_O)         1.371     1.371 r  CLK_100MHZ_IBUF_inst/O
                         net (fo=1, routed)           1.065     2.436    CLK_100MHZ_IBUF
    MMCME2_ADV_X0Y0      MMCME2_ADV (Prop_mmcme2_adv_CLKIN1_CLKOUT0)
                                                      0.077     2.513 r  u_mmcm/CLKOUT0
                         net (fo=1, routed)           1.425     3.938    clk50_mmcm
    BUFGCTRL_X0Y0        BUFG (Prop_bufg_I_O)         0.081     4.019 r  u_bufg_clk50/O
                         net (fo=1244, routed)        1.438     5.457    u_core/u_stock_buffers/clk50
    SLICE_X0Y40          FDCE                                         r  u_core/u_stock_buffers/g_buf[2].staged_valid_reg/C
  -------------------------------------------------------------------    -------------------
    SLICE_X0Y40          FDCE (Prop_fdce_C_Q)         0.379     5.836 r  u_core/u_stock_buffers/g_buf[2].staged_valid_reg/Q
                         net (fo=4, routed)           2.310     8.145    LED_OBUF[2]
    D14                  OBUF (Prop_obuf_I_O)         3.263    11.408 r  LED_OBUF[2]_inst/O
                         net (fo=0)                   0.000    11.408    LED[2]
    D14                                                               r  LED[2]
  -------------------------------------------------------------------    -------------------





Min Delay Paths
--------------------------------------------------------------------------------------
Slack:                    inf
  Source:                 u_core/dbg_advance_count_reg[0]/C
                            (rising edge-triggered cell FDCE clocked by clk50_mmcm  {rise@0.000ns fall@10.000ns period=20.000ns})
  Destination:            LED[5]
                            (output port)
  Path Group:             (none)
  Path Type:              Min at Fast Process Corner
  Data Path Delay:        1.735ns  (logic 1.364ns (78.626%)  route 0.371ns (21.374%))
  Logic Levels:           1  (OBUF=1)
  Clock Uncertainty:      0.176ns  ((TSJ^2 + DJ^2)^1/2) / 2 + PE
    Total System Jitter     (TSJ):    0.050ns
    Discrete Jitter          (DJ):    0.147ns
    Phase Error              (PE):    0.099ns
  Timing Exception:       False Path

    Location             Delay type                Incr(ns)  Path(ns)    Netlist Resource(s)
  -------------------------------------------------------------------    -------------------
                         (clock clk50_mmcm rise edge)
                                                      0.000     0.000 r  <hidden>
    N15                                               0.000     0.000 r  CLK_100MHZ
                         net (fo=0)                   0.000     0.000    CLK_100MHZ
    N15                  IBUF (Prop_ibuf_I_O)         0.209     0.209 r  CLK_100MHZ_IBUF_inst/O
                         net (fo=1, routed)           0.440     0.649    CLK_100MHZ_IBUF
    MMCME2_ADV_X0Y0      MMCME2_ADV (Prop_mmcme2_adv_CLKIN1_CLKOUT0)
                                                      0.050     0.699 r  u_mmcm/CLKOUT0
                         net (fo=1, routed)           0.489     1.188    clk50_mmcm
    BUFGCTRL_X0Y0        BUFG (Prop_bufg_I_O)         0.026     1.214 r  u_bufg_clk50/O
                         net (fo=1244, routed)        0.583     1.796    u_core/clk50
    SLICE_X0Y72          FDCE                                         r  u_core/dbg_advance_count_reg[0]/C
  -------------------------------------------------------------------    -------------------
    SLICE_X0Y72          FDCE (Prop_fdce_C_Q)         0.141     1.937 r  u_core/dbg_advance_count_reg[0]/Q
                         net (fo=6, routed)           0.371     2.308    LED_OBUF[5]
    F18                  OBUF (Prop_obuf_I_O)         1.223     3.531 r  LED_OBUF[5]_inst/O
                         net (fo=0)                   0.000     3.531    LED[5]
    F18                                                               r  LED[5]
  -------------------------------------------------------------------    -------------------

Slack:                    inf
  Source:                 u_core/dbg_advance_count_reg[1]/C
                            (rising edge-triggered cell FDCE clocked by clk50_mmcm  {rise@0.000ns fall@10.000ns period=20.000ns})
  Destination:            LED[6]
                            (output port)
  Path Group:             (none)
  Path Type:              Min at Fast Process Corner
  Data Path Delay:        1.819ns  (logic 1.373ns (75.489%)  route 0.446ns (24.511%))
  Logic Levels:           1  (OBUF=1)
  Clock Uncertainty:      0.176ns  ((TSJ^2 + DJ^2)^1/2) / 2 + PE
    Total System Jitter     (TSJ):    0.050ns
    Discrete Jitter          (DJ):    0.147ns
    Phase Error              (PE):    0.099ns
  Timing Exception:       False Path

    Location             Delay type                Incr(ns)  Path(ns)    Netlist Resource(s)
  -------------------------------------------------------------------    -------------------
                         (clock clk50_mmcm rise edge)
                                                      0.000     0.000 r  <hidden>
    N15                                               0.000     0.000 r  CLK_100MHZ
                         net (fo=0)                   0.000     0.000    CLK_100MHZ
    N15                  IBUF (Prop_ibuf_I_O)         0.209     0.209 r  CLK_100MHZ_IBUF_inst/O
                         net (fo=1, routed)           0.440     0.649    CLK_100MHZ_IBUF
    MMCME2_ADV_X0Y0      MMCME2_ADV (Prop_mmcme2_adv_CLKIN1_CLKOUT0)
                                                      0.050     0.699 r  u_mmcm/CLKOUT0
                         net (fo=1, routed)           0.489     1.188    clk50_mmcm
    BUFGCTRL_X0Y0        BUFG (Prop_bufg_I_O)         0.026     1.214 r  u_bufg_clk50/O
                         net (fo=1244, routed)        0.583     1.796    u_core/clk50
    SLICE_X0Y72          FDCE                                         r  u_core/dbg_advance_count_reg[1]/C
  -------------------------------------------------------------------    -------------------
    SLICE_X0Y72          FDCE (Prop_fdce_C_Q)         0.141     1.937 r  u_core/dbg_advance_count_reg[1]/Q
                         net (fo=5, routed)           0.446     2.383    LED_OBUF[6]
    E17                  OBUF (Prop_obuf_I_O)         1.232     3.616 r  LED_OBUF[6]_inst/O
                         net (fo=0)                   0.000     3.616    LED[6]
    E17                                                               r  LED[6]
  -------------------------------------------------------------------    -------------------

Slack:                    inf
  Source:                 u_core/dbg_advance_count_reg[3]/C
                            (rising edge-triggered cell FDCE clocked by clk50_mmcm  {rise@0.000ns fall@10.000ns period=20.000ns})
  Destination:            LED[8]
                            (output port)
  Path Group:             (none)
  Path Type:              Min at Fast Process Corner
  Data Path Delay:        1.867ns  (logic 1.388ns (74.350%)  route 0.479ns (25.650%))
  Logic Levels:           1  (OBUF=1)
  Clock Uncertainty:      0.176ns  ((TSJ^2 + DJ^2)^1/2) / 2 + PE
    Total System Jitter     (TSJ):    0.050ns
    Discrete Jitter          (DJ):    0.147ns
    Phase Error              (PE):    0.099ns
  Timing Exception:       False Path

    Location             Delay type                Incr(ns)  Path(ns)    Netlist Resource(s)
  -------------------------------------------------------------------    -------------------
                         (clock clk50_mmcm rise edge)
                                                      0.000     0.000 r  <hidden>
    N15                                               0.000     0.000 r  CLK_100MHZ
                         net (fo=0)                   0.000     0.000    CLK_100MHZ
    N15                  IBUF (Prop_ibuf_I_O)         0.209     0.209 r  CLK_100MHZ_IBUF_inst/O
                         net (fo=1, routed)           0.440     0.649    CLK_100MHZ_IBUF
    MMCME2_ADV_X0Y0      MMCME2_ADV (Prop_mmcme2_adv_CLKIN1_CLKOUT0)
                                                      0.050     0.699 r  u_mmcm/CLKOUT0
                         net (fo=1, routed)           0.489     1.188    clk50_mmcm
    BUFGCTRL_X0Y0        BUFG (Prop_bufg_I_O)         0.026     1.214 r  u_bufg_clk50/O
                         net (fo=1244, routed)        0.583     1.796    u_core/clk50
    SLICE_X0Y72          FDCE                                         r  u_core/dbg_advance_count_reg[3]/C
  -------------------------------------------------------------------    -------------------
    SLICE_X0Y72          FDCE (Prop_fdce_C_Q)         0.141     1.937 r  u_core/dbg_advance_count_reg[3]/Q
                         net (fo=3, routed)           0.479     2.416    LED_OBUF[8]
    C17                  OBUF (Prop_obuf_I_O)         1.247     3.663 r  LED_OBUF[8]_inst/O
                         net (fo=0)                   0.000     3.663    LED[8]
    C17                                                               r  LED[8]
  -------------------------------------------------------------------    -------------------

Slack:                    inf
  Source:                 u_core/dbg_advance_count_reg[2]/C
                            (rising edge-triggered cell FDCE clocked by clk50_mmcm  {rise@0.000ns fall@10.000ns period=20.000ns})
  Destination:            LED[7]
                            (output port)
  Path Group:             (none)
  Path Type:              Min at Fast Process Corner
  Data Path Delay:        1.902ns  (logic 1.429ns (75.118%)  route 0.473ns (24.882%))
  Logic Levels:           1  (OBUF=1)
  Clock Uncertainty:      0.176ns  ((TSJ^2 + DJ^2)^1/2) / 2 + PE
    Total System Jitter     (TSJ):    0.050ns
    Discrete Jitter          (DJ):    0.147ns
    Phase Error              (PE):    0.099ns
  Timing Exception:       False Path

    Location             Delay type                Incr(ns)  Path(ns)    Netlist Resource(s)
  -------------------------------------------------------------------    -------------------
                         (clock clk50_mmcm rise edge)
                                                      0.000     0.000 r  <hidden>
    N15                                               0.000     0.000 r  CLK_100MHZ
                         net (fo=0)                   0.000     0.000    CLK_100MHZ
    N15                  IBUF (Prop_ibuf_I_O)         0.209     0.209 r  CLK_100MHZ_IBUF_inst/O
                         net (fo=1, routed)           0.440     0.649    CLK_100MHZ_IBUF
    MMCME2_ADV_X0Y0      MMCME2_ADV (Prop_mmcme2_adv_CLKIN1_CLKOUT0)
                                                      0.050     0.699 r  u_mmcm/CLKOUT0
                         net (fo=1, routed)           0.489     1.188    clk50_mmcm
    BUFGCTRL_X0Y0        BUFG (Prop_bufg_I_O)         0.026     1.214 r  u_bufg_clk50/O
                         net (fo=1244, routed)        0.583     1.796    u_core/clk50
    SLICE_X0Y72          FDCE                                         r  u_core/dbg_advance_count_reg[2]/C
  -------------------------------------------------------------------    -------------------
    SLICE_X0Y72          FDCE (Prop_fdce_C_Q)         0.128     1.924 r  u_core/dbg_advance_count_reg[2]/Q
                         net (fo=4, routed)           0.473     2.398    LED_OBUF[7]
    D17                  OBUF (Prop_obuf_I_O)         1.301     3.698 r  LED_OBUF[7]_inst/O
                         net (fo=0)                   0.000     3.698    LED[7]
    D17                                                               r  LED[7]
  -------------------------------------------------------------------    -------------------

Slack:                    inf
  Source:                 u_core/dbg_advance_count_reg[4]/C
                            (rising edge-triggered cell FDCE clocked by clk50_mmcm  {rise@0.000ns fall@10.000ns period=20.000ns})
  Destination:            LED[9]
                            (output port)
  Path Group:             (none)
  Path Type:              Min at Fast Process Corner
  Data Path Delay:        1.957ns  (logic 1.426ns (72.857%)  route 0.531ns (27.143%))
  Logic Levels:           1  (OBUF=1)
  Clock Uncertainty:      0.176ns  ((TSJ^2 + DJ^2)^1/2) / 2 + PE
    Total System Jitter     (TSJ):    0.050ns
    Discrete Jitter          (DJ):    0.147ns
    Phase Error              (PE):    0.099ns
  Timing Exception:       False Path

    Location             Delay type                Incr(ns)  Path(ns)    Netlist Resource(s)
  -------------------------------------------------------------------    -------------------
                         (clock clk50_mmcm rise edge)
                                                      0.000     0.000 r  <hidden>
    N15                                               0.000     0.000 r  CLK_100MHZ
                         net (fo=0)                   0.000     0.000    CLK_100MHZ
    N15                  IBUF (Prop_ibuf_I_O)         0.209     0.209 r  CLK_100MHZ_IBUF_inst/O
                         net (fo=1, routed)           0.440     0.649    CLK_100MHZ_IBUF
    MMCME2_ADV_X0Y0      MMCME2_ADV (Prop_mmcme2_adv_CLKIN1_CLKOUT0)
                                                      0.050     0.699 r  u_mmcm/CLKOUT0
                         net (fo=1, routed)           0.489     1.188    clk50_mmcm
    BUFGCTRL_X0Y0        BUFG (Prop_bufg_I_O)         0.026     1.214 r  u_bufg_clk50/O
                         net (fo=1244, routed)        0.583     1.796    u_core/clk50
    SLICE_X0Y72          FDCE                                         r  u_core/dbg_advance_count_reg[4]/C
  -------------------------------------------------------------------    -------------------
    SLICE_X0Y72          FDCE (Prop_fdce_C_Q)         0.128     1.924 r  u_core/dbg_advance_count_reg[4]/Q
                         net (fo=2, routed)           0.531     2.456    LED_OBUF[9]
    B18                  OBUF (Prop_obuf_I_O)         1.298     3.753 r  LED_OBUF[9]_inst/O
                         net (fo=0)                   0.000     3.753    LED[9]
    B18                                                               r  LED[9]
  -------------------------------------------------------------------    -------------------

Slack:                    inf
  Source:                 u_core/u_uart_protocol/proto_error_reg/C
                            (rising edge-triggered cell FDCE clocked by clk50_mmcm  {rise@0.000ns fall@10.000ns period=20.000ns})
  Destination:            LED[14]
                            (output port)
  Path Group:             (none)
  Path Type:              Min at Fast Process Corner
  Data Path Delay:        2.082ns  (logic 1.388ns (66.687%)  route 0.693ns (33.313%))
  Logic Levels:           1  (OBUF=1)
  Clock Uncertainty:      0.176ns  ((TSJ^2 + DJ^2)^1/2) / 2 + PE
    Total System Jitter     (TSJ):    0.050ns
    Discrete Jitter          (DJ):    0.147ns
    Phase Error              (PE):    0.099ns
  Timing Exception:       False Path

    Location             Delay type                Incr(ns)  Path(ns)    Netlist Resource(s)
  -------------------------------------------------------------------    -------------------
                         (clock clk50_mmcm rise edge)
                                                      0.000     0.000 r  <hidden>
    N15                                               0.000     0.000 r  CLK_100MHZ
                         net (fo=0)                   0.000     0.000    CLK_100MHZ
    N15                  IBUF (Prop_ibuf_I_O)         0.209     0.209 r  CLK_100MHZ_IBUF_inst/O
                         net (fo=1, routed)           0.440     0.649    CLK_100MHZ_IBUF
    MMCME2_ADV_X0Y0      MMCME2_ADV (Prop_mmcme2_adv_CLKIN1_CLKOUT0)
                                                      0.050     0.699 r  u_mmcm/CLKOUT0
                         net (fo=1, routed)           0.489     1.188    clk50_mmcm
    BUFGCTRL_X0Y0        BUFG (Prop_bufg_I_O)         0.026     1.214 r  u_bufg_clk50/O
                         net (fo=1244, routed)        0.594     1.807    u_core/u_uart_protocol/clk50
    SLICE_X2Y42          FDCE                                         r  u_core/u_uart_protocol/proto_error_reg/C
  -------------------------------------------------------------------    -------------------
    SLICE_X2Y42          FDCE (Prop_fdce_C_Q)         0.164     1.971 r  u_core/u_uart_protocol/proto_error_reg/Q
                         net (fo=1, routed)           0.693     2.665    LED_OBUF[14]
    E18                  OBUF (Prop_obuf_I_O)         1.224     3.889 r  LED_OBUF[14]_inst/O
                         net (fo=0)                   0.000     3.889    LED[14]
    E18                                                               r  LED[14]
  -------------------------------------------------------------------    -------------------

Slack:                    inf
  Source:                 u_core/u_uart_protocol/rx_msg_toggle_reg/C
                            (rising edge-triggered cell FDCE clocked by clk50_mmcm  {rise@0.000ns fall@10.000ns period=20.000ns})
  Destination:            LED[12]
                            (output port)
  Path Group:             (none)
  Path Type:              Min at Fast Process Corner
  Data Path Delay:        2.120ns  (logic 1.371ns (64.708%)  route 0.748ns (35.292%))
  Logic Levels:           1  (OBUF=1)
  Clock Uncertainty:      0.176ns  ((TSJ^2 + DJ^2)^1/2) / 2 + PE
    Total System Jitter     (TSJ):    0.050ns
    Discrete Jitter          (DJ):    0.147ns
    Phase Error              (PE):    0.099ns
  Timing Exception:       False Path

    Location             Delay type                Incr(ns)  Path(ns)    Netlist Resource(s)
  -------------------------------------------------------------------    -------------------
                         (clock clk50_mmcm rise edge)
                                                      0.000     0.000 r  <hidden>
    N15                                               0.000     0.000 r  CLK_100MHZ
                         net (fo=0)                   0.000     0.000    CLK_100MHZ
    N15                  IBUF (Prop_ibuf_I_O)         0.209     0.209 r  CLK_100MHZ_IBUF_inst/O
                         net (fo=1, routed)           0.440     0.649    CLK_100MHZ_IBUF
    MMCME2_ADV_X0Y0      MMCME2_ADV (Prop_mmcme2_adv_CLKIN1_CLKOUT0)
                                                      0.050     0.699 r  u_mmcm/CLKOUT0
                         net (fo=1, routed)           0.489     1.188    clk50_mmcm
    BUFGCTRL_X0Y0        BUFG (Prop_bufg_I_O)         0.026     1.214 r  u_bufg_clk50/O
                         net (fo=1244, routed)        0.594     1.807    u_core/u_uart_protocol/clk50
    SLICE_X1Y41          FDCE                                         r  u_core/u_uart_protocol/rx_msg_toggle_reg/C
  -------------------------------------------------------------------    -------------------
    SLICE_X1Y41          FDCE (Prop_fdce_C_Q)         0.141     1.948 r  u_core/u_uart_protocol/rx_msg_toggle_reg/Q
                         net (fo=2, routed)           0.748     2.696    LED_OBUF[12]
    C18                  OBUF (Prop_obuf_I_O)         1.230     3.927 r  LED_OBUF[12]_inst/O
                         net (fo=0)                   0.000     3.927    LED[12]
    C18                                                               r  LED[12]
  -------------------------------------------------------------------    -------------------

Slack:                    inf
  Source:                 u_core/u_stock_buffers/g_buf[0].staged_valid_reg/C
                            (rising edge-triggered cell FDCE clocked by clk50_mmcm  {rise@0.000ns fall@10.000ns period=20.000ns})
  Destination:            LED[0]
                            (output port)
  Path Group:             (none)
  Path Type:              Min at Fast Process Corner
  Data Path Delay:        2.135ns  (logic 1.361ns (63.770%)  route 0.773ns (36.230%))
  Logic Levels:           1  (OBUF=1)
  Clock Uncertainty:      0.176ns  ((TSJ^2 + DJ^2)^1/2) / 2 + PE
    Total System Jitter     (TSJ):    0.050ns
    Discrete Jitter          (DJ):    0.147ns
    Phase Error              (PE):    0.099ns
  Timing Exception:       False Path

    Location             Delay type                Incr(ns)  Path(ns)    Netlist Resource(s)
  -------------------------------------------------------------------    -------------------
                         (clock clk50_mmcm rise edge)
                                                      0.000     0.000 r  <hidden>
    N15                                               0.000     0.000 r  CLK_100MHZ
                         net (fo=0)                   0.000     0.000    CLK_100MHZ
    N15                  IBUF (Prop_ibuf_I_O)         0.209     0.209 r  CLK_100MHZ_IBUF_inst/O
                         net (fo=1, routed)           0.440     0.649    CLK_100MHZ_IBUF
    MMCME2_ADV_X0Y0      MMCME2_ADV (Prop_mmcme2_adv_CLKIN1_CLKOUT0)
                                                      0.050     0.699 r  u_mmcm/CLKOUT0
                         net (fo=1, routed)           0.489     1.188    clk50_mmcm
    BUFGCTRL_X0Y0        BUFG (Prop_bufg_I_O)         0.026     1.214 r  u_bufg_clk50/O
                         net (fo=1244, routed)        0.594     1.807    u_core/u_stock_buffers/clk50
    SLICE_X0Y40          FDCE                                         r  u_core/u_stock_buffers/g_buf[0].staged_valid_reg/C
  -------------------------------------------------------------------    -------------------
    SLICE_X0Y40          FDCE (Prop_fdce_C_Q)         0.141     1.948 r  u_core/u_stock_buffers/g_buf[0].staged_valid_reg/Q
                         net (fo=4, routed)           0.773     2.722    LED_OBUF[0]
    C13                  OBUF (Prop_obuf_I_O)         1.220     3.942 r  LED_OBUF[0]_inst/O
                         net (fo=0)                   0.000     3.942    LED[0]
    C13                                                               r  LED[0]
  -------------------------------------------------------------------    -------------------

Slack:                    inf
  Source:                 u_core/u_stock_buffers/g_buf[1].staged_valid_reg/C
                            (rising edge-triggered cell FDCE clocked by clk50_mmcm  {rise@0.000ns fall@10.000ns period=20.000ns})
  Destination:            LED[1]
                            (output port)
  Path Group:             (none)
  Path Type:              Min at Fast Process Corner
  Data Path Delay:        2.141ns  (logic 1.356ns (63.325%)  route 0.785ns (36.675%))
  Logic Levels:           1  (OBUF=1)
  Clock Uncertainty:      0.176ns  ((TSJ^2 + DJ^2)^1/2) / 2 + PE
    Total System Jitter     (TSJ):    0.050ns
    Discrete Jitter          (DJ):    0.147ns
    Phase Error              (PE):    0.099ns
  Timing Exception:       False Path

    Location             Delay type                Incr(ns)  Path(ns)    Netlist Resource(s)
  -------------------------------------------------------------------    -------------------
                         (clock clk50_mmcm rise edge)
                                                      0.000     0.000 r  <hidden>
    N15                                               0.000     0.000 r  CLK_100MHZ
                         net (fo=0)                   0.000     0.000    CLK_100MHZ
    N15                  IBUF (Prop_ibuf_I_O)         0.209     0.209 r  CLK_100MHZ_IBUF_inst/O
                         net (fo=1, routed)           0.440     0.649    CLK_100MHZ_IBUF
    MMCME2_ADV_X0Y0      MMCME2_ADV (Prop_mmcme2_adv_CLKIN1_CLKOUT0)
                                                      0.050     0.699 r  u_mmcm/CLKOUT0
                         net (fo=1, routed)           0.489     1.188    clk50_mmcm
    BUFGCTRL_X0Y0        BUFG (Prop_bufg_I_O)         0.026     1.214 r  u_bufg_clk50/O
                         net (fo=1244, routed)        0.593     1.806    u_core/u_stock_buffers/clk50
    SLICE_X0Y39          FDCE                                         r  u_core/u_stock_buffers/g_buf[1].staged_valid_reg/C
  -------------------------------------------------------------------    -------------------
    SLICE_X0Y39          FDCE (Prop_fdce_C_Q)         0.141     1.947 r  u_core/u_stock_buffers/g_buf[1].staged_valid_reg/Q
                         net (fo=4, routed)           0.785     2.732    LED_OBUF[1]
    C14                  OBUF (Prop_obuf_I_O)         1.215     3.947 r  LED_OBUF[1]_inst/O
                         net (fo=0)                   0.000     3.947    LED[1]
    C14                                                               r  LED[1]
  -------------------------------------------------------------------    -------------------

Slack:                    inf
  Source:                 u_core/u_uart_protocol/prog_loaded_reg/C
                            (rising edge-triggered cell FDCE clocked by clk50_mmcm  {rise@0.000ns fall@10.000ns period=20.000ns})
  Destination:            LED[10]
                            (output port)
  Path Group:             (none)
  Path Type:              Min at Fast Process Corner
  Data Path Delay:        2.152ns  (logic 1.412ns (65.598%)  route 0.740ns (34.402%))
  Logic Levels:           1  (OBUF=1)
  Clock Uncertainty:      0.176ns  ((TSJ^2 + DJ^2)^1/2) / 2 + PE
    Total System Jitter     (TSJ):    0.050ns
    Discrete Jitter          (DJ):    0.147ns
    Phase Error              (PE):    0.099ns
  Timing Exception:       False Path

    Location             Delay type                Incr(ns)  Path(ns)    Netlist Resource(s)
  -------------------------------------------------------------------    -------------------
                         (clock clk50_mmcm rise edge)
                                                      0.000     0.000 r  <hidden>
    N15                                               0.000     0.000 r  CLK_100MHZ
                         net (fo=0)                   0.000     0.000    CLK_100MHZ
    N15                  IBUF (Prop_ibuf_I_O)         0.209     0.209 r  CLK_100MHZ_IBUF_inst/O
                         net (fo=1, routed)           0.440     0.649    CLK_100MHZ_IBUF
    MMCME2_ADV_X0Y0      MMCME2_ADV (Prop_mmcme2_adv_CLKIN1_CLKOUT0)
                                                      0.050     0.699 r  u_mmcm/CLKOUT0
                         net (fo=1, routed)           0.489     1.188    clk50_mmcm
    BUFGCTRL_X0Y0        BUFG (Prop_bufg_I_O)         0.026     1.214 r  u_bufg_clk50/O
                         net (fo=1244, routed)        0.594     1.807    u_core/u_uart_protocol/clk50
    SLICE_X2Y40          FDCE                                         r  u_core/u_uart_protocol/prog_loaded_reg/C
  -------------------------------------------------------------------    -------------------
    SLICE_X2Y40          FDCE (Prop_fdce_C_Q)         0.164     1.971 r  u_core/u_uart_protocol/prog_loaded_reg/Q
                         net (fo=1, routed)           0.740     2.712    LED_OBUF[10]
    A17                  OBUF (Prop_obuf_I_O)         1.248     3.959 r  LED_OBUF[10]_inst/O
                         net (fo=0)                   0.000     3.959    LED[10]
    A17                                                               r  LED[10]
  -------------------------------------------------------------------    -------------------





--------------------------------------------------------------------------------------
Path Group:  (none)
From Clock:  
  To Clock:  clk50_mmcm

Max Delay             2 Endpoints
Min Delay             2 Endpoints
--------------------------------------------------------------------------------------


Max Delay Paths
--------------------------------------------------------------------------------------
Slack:                    inf
  Source:                 BTN[0]
                            (input port)
  Destination:            btn_meta_reg/D
                            (rising edge-triggered cell FDRE clocked by clk50_mmcm  {rise@0.000ns fall@10.000ns period=20.000ns})
  Path Group:             (none)
  Path Type:              Setup (Max at Slow Process Corner)
  Data Path Delay:        4.654ns  (logic 1.248ns (26.827%)  route 3.405ns (73.173%))
  Logic Levels:           1  (IBUF=1)
  Clock Path Skew:        5.140ns (DCD - SCD + CPR)
    Destination Clock Delay (DCD):    5.140ns
    Source Clock Delay      (SCD):    0.000ns
    Clock Pessimism Removal (CPR):    0.000ns
  Clock Uncertainty:      0.176ns  ((TSJ^2 + DJ^2)^1/2) / 2 + PE
    Total System Jitter     (TSJ):    0.050ns
    Discrete Jitter          (DJ):    0.147ns
    Phase Error              (PE):    0.099ns
  Timing Exception:       False Path

    Location             Delay type                Incr(ns)  Path(ns)    Netlist Resource(s)
  -------------------------------------------------------------------    -------------------
    J2                                                0.000     0.000 r  BTN[0]
                         net (fo=0)                   0.000     0.000    BTN[0]
    J2                   IBUF (Prop_ibuf_I_O)         1.248     1.248 r  BTN_IBUF[0]_inst/O
                         net (fo=1, routed)           3.405     4.654    BTN_IBUF[0]
    SLICE_X4Y15          FDRE                                         r  btn_meta_reg/D
  -------------------------------------------------------------------    -------------------

                         (clock clk50_mmcm rise edge)
                                                      0.000     0.000 r  <hidden>
    N15                                               0.000     0.000 r  CLK_100MHZ
                         net (fo=0)                   0.000     0.000    CLK_100MHZ
    N15                  IBUF (Prop_ibuf_I_O)         1.306     1.306 r  CLK_100MHZ_IBUF_inst/O
                         net (fo=1, routed)           1.004     2.309    CLK_100MHZ_IBUF
    MMCME2_ADV_X0Y0      MMCME2_ADV (Prop_mmcme2_adv_CLKIN1_CLKOUT0)
                                                      0.073     2.382 r  u_mmcm/CLKOUT0
                         net (fo=1, routed)           1.357     3.740    clk50_mmcm
    BUFGCTRL_X0Y0        BUFG (Prop_bufg_I_O)         0.077     3.817 r  u_bufg_clk50/O
                         net (fo=1244, routed)        1.323     5.140    clk50
    SLICE_X4Y15          FDRE                                         r  btn_meta_reg/C

Slack:                    inf
  Source:                 UART_RXD
                            (input port)
  Destination:            u_core/u_uart_rx/rx_meta_reg/D
                            (rising edge-triggered cell FDPE clocked by clk50_mmcm  {rise@0.000ns fall@10.000ns period=20.000ns})
  Path Group:             (none)
  Path Type:              Setup (Max at Slow Process Corner)
  Data Path Delay:        3.421ns  (logic 1.421ns (41.548%)  route 1.999ns (58.452%))
  Logic Levels:           1  (IBUF=1)
  Clock Path Skew:        5.147ns (DCD - SCD + CPR)
    Destination Clock Delay (DCD):    5.147ns
    Source Clock Delay      (SCD):    0.000ns
    Clock Pessimism Removal (CPR):    0.000ns
  Clock Uncertainty:      0.176ns  ((TSJ^2 + DJ^2)^1/2) / 2 + PE
    Total System Jitter     (TSJ):    0.050ns
    Discrete Jitter          (DJ):    0.147ns
    Phase Error              (PE):    0.099ns
  Timing Exception:       False Path

    Location             Delay type                Incr(ns)  Path(ns)    Netlist Resource(s)
  -------------------------------------------------------------------    -------------------
    A16                                               0.000     0.000 r  UART_RXD
                         net (fo=0)                   0.000     0.000    UART_RXD
    A16                  IBUF (Prop_ibuf_I_O)         1.421     1.421 r  UART_RXD_IBUF_inst/O
                         net (fo=1, routed)           1.999     3.421    u_core/u_uart_rx/UART_RXD
    SLICE_X2Y46          FDPE                                         r  u_core/u_uart_rx/rx_meta_reg/D
  -------------------------------------------------------------------    -------------------

                         (clock clk50_mmcm rise edge)
                                                      0.000     0.000 r  <hidden>
    N15                                               0.000     0.000 r  CLK_100MHZ
                         net (fo=0)                   0.000     0.000    CLK_100MHZ
    N15                  IBUF (Prop_ibuf_I_O)         1.306     1.306 r  CLK_100MHZ_IBUF_inst/O
                         net (fo=1, routed)           1.004     2.309    CLK_100MHZ_IBUF
    MMCME2_ADV_X0Y0      MMCME2_ADV (Prop_mmcme2_adv_CLKIN1_CLKOUT0)
                                                      0.073     2.382 r  u_mmcm/CLKOUT0
                         net (fo=1, routed)           1.357     3.740    clk50_mmcm
    BUFGCTRL_X0Y0        BUFG (Prop_bufg_I_O)         0.077     3.817 r  u_bufg_clk50/O
                         net (fo=1244, routed)        1.330     5.147    u_core/u_uart_rx/clk50
    SLICE_X2Y46          FDPE                                         r  u_core/u_uart_rx/rx_meta_reg/C





Min Delay Paths
--------------------------------------------------------------------------------------
Slack:                    inf
  Source:                 UART_RXD
                            (input port)
  Destination:            u_core/u_uart_rx/rx_meta_reg/D
                            (rising edge-triggered cell FDPE clocked by clk50_mmcm  {rise@0.000ns fall@10.000ns period=20.000ns})
  Path Group:             (none)
  Path Type:              Hold (Min at Fast Process Corner)
  Data Path Delay:        1.244ns  (logic 0.258ns (20.729%)  route 0.986ns (79.271%))
  Logic Levels:           1  (IBUF=1)
  Clock Path Skew:        2.357ns (DCD - SCD - CPR)
    Destination Clock Delay (DCD):    2.357ns
    Source Clock Delay      (SCD):    0.000ns
    Clock Pessimism Removal (CPR):    -0.000ns
  Timing Exception:       False Path

    Location             Delay type                Incr(ns)  Path(ns)    Netlist Resource(s)
  -------------------------------------------------------------------    -------------------
    A16                                               0.000     0.000 r  UART_RXD
                         net (fo=0)                   0.000     0.000    UART_RXD
    A16                  IBUF (Prop_ibuf_I_O)         0.258     0.258 r  UART_RXD_IBUF_inst/O
                         net (fo=1, routed)           0.986     1.244    u_core/u_uart_rx/UART_RXD
    SLICE_X2Y46          FDPE                                         r  u_core/u_uart_rx/rx_meta_reg/D
  -------------------------------------------------------------------    -------------------

                         (clock clk50_mmcm rise edge)
                                                      0.000     0.000 r  <hidden>
    N15                                               0.000     0.000 r  CLK_100MHZ
                         net (fo=0)                   0.000     0.000    CLK_100MHZ
    N15                  IBUF (Prop_ibuf_I_O)         0.396     0.396 r  CLK_100MHZ_IBUF_inst/O
                         net (fo=1, routed)           0.480     0.876    CLK_100MHZ_IBUF
    MMCME2_ADV_X0Y0      MMCME2_ADV (Prop_mmcme2_adv_CLKIN1_CLKOUT0)
                                                      0.053     0.929 r  u_mmcm/CLKOUT0
                         net (fo=1, routed)           0.534     1.463    clk50_mmcm
    BUFGCTRL_X0Y0        BUFG (Prop_bufg_I_O)         0.029     1.492 r  u_bufg_clk50/O
                         net (fo=1244, routed)        0.866     2.357    u_core/u_uart_rx/clk50
    SLICE_X2Y46          FDPE                                         r  u_core/u_uart_rx/rx_meta_reg/C

Slack:                    inf
  Source:                 BTN[0]
                            (input port)
  Destination:            btn_meta_reg/D
                            (rising edge-triggered cell FDRE clocked by clk50_mmcm  {rise@0.000ns fall@10.000ns period=20.000ns})
  Path Group:             (none)
  Path Type:              Hold (Min at Fast Process Corner)
  Data Path Delay:        2.225ns  (logic 0.394ns (17.689%)  route 1.831ns (82.311%))
  Logic Levels:           1  (IBUF=1)
  Clock Path Skew:        2.349ns (DCD - SCD - CPR)
    Destination Clock Delay (DCD):    2.349ns
    Source Clock Delay      (SCD):    0.000ns
    Clock Pessimism Removal (CPR):    -0.000ns
  Timing Exception:       False Path

    Location             Delay type                Incr(ns)  Path(ns)    Netlist Resource(s)
  -------------------------------------------------------------------    -------------------
    J2                                                0.000     0.000 r  BTN[0]
                         net (fo=0)                   0.000     0.000    BTN[0]
    J2                   IBUF (Prop_ibuf_I_O)         0.394     0.394 r  BTN_IBUF[0]_inst/O
                         net (fo=1, routed)           1.831     2.225    BTN_IBUF[0]
    SLICE_X4Y15          FDRE                                         r  btn_meta_reg/D
  -------------------------------------------------------------------    -------------------

                         (clock clk50_mmcm rise edge)
                                                      0.000     0.000 r  <hidden>
    N15                                               0.000     0.000 r  CLK_100MHZ
                         net (fo=0)                   0.000     0.000    CLK_100MHZ
    N15                  IBUF (Prop_ibuf_I_O)         0.396     0.396 r  CLK_100MHZ_IBUF_inst/O
                         net (fo=1, routed)           0.480     0.876    CLK_100MHZ_IBUF
    MMCME2_ADV_X0Y0      MMCME2_ADV (Prop_mmcme2_adv_CLKIN1_CLKOUT0)
                                                      0.053     0.929 r  u_mmcm/CLKOUT0
                         net (fo=1, routed)           0.534     1.463    clk50_mmcm
    BUFGCTRL_X0Y0        BUFG (Prop_bufg_I_O)         0.029     1.492 r  u_bufg_clk50/O
                         net (fo=1244, routed)        0.858     2.349    clk50
    SLICE_X4Y15          FDRE                                         r  btn_meta_reg/C





